sample-id,station_norm,depth,year,month,ds2,match_method,n_candidate_casts,cruise,cast_datetime,ctd_temperature,ctd_salinity,ctd_oxygen,ctd_fluorescence,dcm_pressure_db,delta_depth_from_dcm_m,ctd_interp_ok,season,station,season_norm,chem_match,chem_depth_diff_m,chem_no3_no2_umol_kg,chem_po4_umol_kg,chem_silicate_umol_kg,chem_chlorophyll_ug_L,chem_oxygen_winkler_umol_kg,chem_pH_total_25C,chem_alkalinity_umol_kg
HS53_1,H15,1,2025,march,B_nearsurface,sample_cruise_id,1,HaiSec_53,2025-03-17 08:36:04,18.9393,39.3576,232.435,0.0762,,,True,A_Winter,A_H15,a_winter,False,,,,,,,,
HS53_10,H02,70,2025,march,B_nearsurface,sample_cruise_id,1,HaiSec_53,2025-03-23 09:44:35,18.4734,39.3374,223.809,0.102,127.0,-57.0,True,A_Winter,D_H02,a_winter,False,,,,,,,,
HS53_11,H02,140,2025,march,C_DCM,sample_cruise_id,1,HaiSec_53,2025-03-23 09:44:35,18.2077,39.3247,218.863,0.122,127.0,13.0,True,A_Winter,D_H02,a_winter,False,,,,,,,,
HS53_13,H02,249,2025,march,D_below_DCM,sample_cruise_id,1,HaiSec_53,2025-03-23 09:44:35,15.456,39.0674,186.409,0.0343,127.0,122.0,True,A_Winter,D_H02,a_winter,False,,,,,,,,
HS53_14,H02,325,2025,march,F_300-600,sample_cruise_id,1,HaiSec_53,2025-03-23 09:44:35,14.6148,38.9453,176.109,0.0343,127.0,198.0,True,A_Winter,D_H02,a_winter,False,,,,,,,,
HS53_15,H03,1,2025,march,A_surface,sample_cruise_id,1,HaiSec_53,2025-03-23 12:30:46,19.459,39.3824,226.367,0.0445,88.0,-87.0,True,A_Winter,E_H03,a_winter,False,,,,,,,,
HS53_16,H03,80,2025,march,B_nearsurface,sample_cruise_id,1,HaiSec_53,2025-03-23 12:30:46,18.4447,39.3589,225.087,0.105,88.0,-8.0,True,A_Winter,E_H03,a_winter,False,,,,,,,,
HS53_17,H03,180,2025,march,C_DCM,sample_cruise_id,1,HaiSec_53,2025-03-23 12:30:46,17.5909,39.283,214.188,0.0445,88.0,92.0,True,A_Winter,E_H03,a_winter,False,,,,,,,,
HS53_18,H03,240,2025,march,D_below_DCM,sample_cruise_id,1,HaiSec_53,2025-03-23 12:30:46,15.7802,39.1005,189.783,0.0329,88.0,152.0,True,A_Winter,E_H03,a_winter,False,,,,,,,,
HS53_19,H03,375,2025,march,F_300-600,sample_cruise_id,1,HaiSec_53,2025-03-23 12:30:46,14.4624,38.9157,175.022,0.0338,88.0,287.0,True,A_Winter,E_H03,a_winter,False,,,,,,,,
HS53_2,H15,15,2025,march,A_surface,sample_cruise_id,1,HaiSec_53,2025-03-17 08:36:04,18.5192,39.3606,228.356,0.0992,,,True,A_Winter,A_H15,a_winter,False,,,,,,,,
HS53_20,H03,685,2025,march,H_near_bottom,sample_cruise_id,1,HaiSec_53,2025-03-23 12:30:46,13.8273,38.7804,173.181,0.0342,88.0,597.0,True,A_Winter,E_H03,a_winter,False,,,,,,,,
HS53_21,H04,1,2025,march,A_surface,sample_cruise_id,1,HaiSec_53,2025-03-23 15:13:57,18.7383,39.3692,226.935,0.0664,91.0,-90.0,True,A_Winter,F_H04,a_winter,False,,,,,,,,
HS53_22,H04,90,2025,march,B_nearsurface,sample_cruise_id,1,HaiSec_53,2025-03-23 15:13:57,18.0284,39.3197,221.907,0.219,91.0,-1.0,True,A_Winter,F_H04,a_winter,False,,,,,,,,
HS53_23,H04,120,2025,march,C_DCM,sample_cruise_id,1,HaiSec_53,2025-03-23 15:13:57,17.8105,39.2951,215.039,0.114,91.0,29.0,True,A_Winter,F_H04,a_winter,False,,,,,,,,
HS53_24,H04,180,2025,march,D_below_DCM,sample_cruise_id,1,HaiSec_53,2025-03-23 15:13:57,16.6881,39.1621,200.023,0.0364,91.0,89.0,True,A_Winter,F_H04,a_winter,False,,,,,,,,
HS53_25,H04,240,2025,march,D_below_DCM,sample_cruise_id,1,HaiSec_53,2025-03-23 15:13:57,15.7033,39.0994,189.786,0.0321,91.0,149.0,True,A_Winter,F_H04,a_winter,False,,,,,,,,
HS53_26,H04,375,2025,march,F_300-600,sample_cruise_id,1,HaiSec_53,2025-03-23 15:13:57,14.5135,38.9247,175.244,0.0319,91.0,284.0,True,A_Winter,F_H04,a_winter,False,,,,,,,,
HS53_27,H04,550,2025,march,F_300-600,sample_cruise_id,1,HaiSec_53,2025-03-23 15:13:57,14.0001,38.8212,170.563,0.0329,91.0,459.0,True,A_Winter,F_H04,a_winter,False,,,,,,,,
HS53_28,H04,800,2025,march,G_below_600,sample_cruise_id,1,HaiSec_53,2025-03-23 15:13:57,13.8034,38.7698,172.451,0.0319,91.0,709.0,True,A_Winter,F_H04,a_winter,False,,,,,,,,
HS53_29,H04,1120,2025,march,H_near_bottom,sample_cruise_id,1,HaiSec_53,2025-03-23 15:13:57,13.7659,38.759,174.002,0.0329,91.0,1029.0,True,A_Winter,F_H04,a_winter,False,,,,,,,,
HS53_3,H25,1,2025,march,B_nearsurface,sample_cruise_id,0,,,,,,,,,False,A_Winter,B_H25,a_winter,False,,,,,,,,
HS53_30,H05,1,2025,march,A_surface,sample_cruise_id,1,HaiSec_53,2025-03-23 19:10:34,18.6257,39.3721,225.738,0.0761,88.0,-87.0,True,A_Winter,G_H05,a_winter,False,,,,,,,,
HS53_31,H05,90,2025,march,B_nearsurface,sample_cruise_id,1,HaiSec_53,2025-03-23 19:10:34,18.3417,39.352,222.089,0.143,88.0,2.0,True,A_Winter,G_H05,a_winter,False,,,,,,,,
HS53_32,H05,140,2025,march,C_DCM,sample_cruise_id,1,HaiSec_53,2025-03-23 19:10:34,18.1369,39.3308,219.136,0.071,88.0,52.0,True,A_Winter,G_H05,a_winter,False,,,,,,,,
HS53_33,H05,180,2025,march,D_below_DCM,sample_cruise_id,1,HaiSec_53,2025-03-23 19:10:34,17.8335,39.3184,217.717,0.0502,88.0,92.0,True,A_Winter,G_H05,a_winter,False,,,,,,,,
HS53_34,H05,240,2025,march,D_below_DCM,sample_cruise_id,1,HaiSec_53,2025-03-23 19:10:34,16.4508,39.1451,197.882,0.039,88.0,152.0,True,A_Winter,G_H05,a_winter,False,,,,,,,,
HS53_35,H05,375,2025,march,F_300-600,sample_cruise_id,1,HaiSec_53,2025-03-23 19:10:34,14.7448,38.9709,178.333,0.0311,88.0,287.0,True,A_Winter,G_H05,a_winter,False,,,,,,,,
HS53_36,H05,550,2025,march,F_300-600,sample_cruise_id,1,HaiSec_53,2025-03-23 19:10:34,14.0957,38.8411,169.53,0.034,88.0,462.0,True,A_Winter,G_H05,a_winter,False,,,,,,,,
HS53_37,H05,800,2025,march,G_below_600,sample_cruise_id,1,HaiSec_53,2025-03-23 19:10:34,13.8374,38.7772,170.541,0.033,88.0,712.0,True,A_Winter,G_H05,a_winter,False,,,,,,,,
HS53_38,H05,1000,2025,march,G_below_600,sample_cruise_id,1,HaiSec_53,2025-03-23 19:10:34,13.7939,38.7616,172.748,0.0325,88.0,912.0,True,A_Winter,G_H05,a_winter,False,,,,,,,,
HS53_39,H05,1250,2025,march,G_below_600,sample_cruise_id,1,HaiSec_53,2025-03-23 19:10:34,13.7924,38.7562,174.658,0.0331,88.0,1162.0,True,A_Winter,G_H05,a_winter,False,,,,,,,,
HS53_4,H25,25,2025,march,A_surface,sample_cruise_id,0,,,,,,,,,False,A_Winter,B_H25,a_winter,False,,,,,,,,
HS53_40,H05,1460,2025,march,H_near_bottom,sample_cruise_id,1,HaiSec_53,2025-03-23 19:10:34,13.8155,38.7591,174.729,0.033,88.0,1372.0,True,A_Winter,G_H05,a_winter,False,,,,,,,,
HS53_41,H06,1,2025,march,A_surface,sample_cruise_id,1,HaiSec_53,2025-03-24 01:34:20,18.3882,39.3362,225.364,0.0814,102.0,-101.0,True,A_Winter,H_H06,a_winter,False,,,,,,,,
HS53_42,H06,50,2025,march,B_nearsurface,sample_cruise_id,1,HaiSec_53,2025-03-24 01:34:20,18.4106,39.3357,225.472,0.0778,102.0,-52.0,True,A_Winter,H_H06,a_winter,False,,,,,,,,
HS53_43,H06,110,2025,march,C_DCM,sample_cruise_id,1,HaiSec_53,2025-03-24 01:34:20,18.1176,39.3208,217.943,0.0855,102.0,8.0,True,A_Winter,H_H06,a_winter,False,,,,,,,,
HS53_44,H06,180,2025,march,D_below_DCM,sample_cruise_id,1,HaiSec_53,2025-03-24 01:34:20,17.6239,39.3245,218.266,0.0414,102.0,78.0,True,A_Winter,H_H06,a_winter,False,,,,,,,,
HS53_45,H06,240,2025,march,D_below_DCM,sample_cruise_id,1,HaiSec_53,2025-03-24 01:34:20,16.2792,39.1442,195.716,0.0427,102.0,138.0,True,A_Winter,H_H06,a_winter,False,,,,,,,,
HS53_46,H06,375,2025,march,F_300-600,sample_cruise_id,1,HaiSec_53,2025-03-24 01:34:20,14.8364,38.9893,180.177,0.0308,102.0,273.0,True,A_Winter,H_H06,a_winter,False,,,,,,,,
HS53_47,H06,550,2025,march,F_300-600,sample_cruise_id,1,HaiSec_53,2025-03-24 01:34:20,14.0771,38.8368,169.208,0.0311,102.0,448.0,True,A_Winter,H_H06,a_winter,False,,,,,,,,
HS53_48,H06,800,2025,march,G_below_600,sample_cruise_id,1,HaiSec_53,2025-03-24 01:34:20,13.8528,38.7811,170.461,0.0329,102.0,698.0,True,A_Winter,H_H06,a_winter,False,,,,,,,,
HS53_49,H06,1000,2025,march,G_below_600,sample_cruise_id,1,HaiSec_53,2025-03-24 01:34:20,13.7944,38.7615,172.471,0.0305,102.0,898.0,True,A_Winter,H_H06,a_winter,False,,,,,,,,
HS53_5,H01,1,2025,march,A_surface,sample_cruise_id,1,HaiSec_53,2025-03-23 08:35:14,18.7866,39.3651,225.352,0.0497,53.0,-52.0,True,A_Winter,C_H01,a_winter,False,,,,,,,,
HS53_50,H06,1250,2025,march,G_below_600,sample_cruise_id,1,HaiSec_53,2025-03-24 01:34:20,13.7973,38.7565,174.25,0.0327,102.0,1148.0,True,A_Winter,H_H06,a_winter,False,,,,,,,,
HS53_51,H06,1500,2025,march,G_below_600,sample_cruise_id,1,HaiSec_53,2025-03-24 01:34:20,13.8246,38.7588,175.381,0.0326,102.0,1398.0,True,A_Winter,H_H06,a_winter,False,,,,,,,,
HS53_52,H06,1736,2025,march,H_near_bottom,sample_cruise_id,1,HaiSec_53,2025-03-24 01:34:20,13.8598,38.7617,174.366,0.0322,102.0,1634.0,True,A_Winter,H_H06,a_winter,False,,,,,,,,
HS53_6,H01,20,2025,march,B_nearsurface,sample_cruise_id,1,HaiSec_53,2025-03-23 08:35:14,18.6039,39.3612,225.477,0.0789,53.0,-33.0,True,A_Winter,C_H01,a_winter,False,,,,,,,,
HS53_7,H01,35,2025,march,B_nearsurface,sample_cruise_id,1,HaiSec_53,2025-03-23 08:35:14,18.6017,39.3612,225.431,0.106,53.0,-18.0,True,A_Winter,C_H01,a_winter,False,,,,,,,,
HS53_8,H01,53,2025,march,B_nearsurface,sample_cruise_id,1,HaiSec_53,2025-03-23 08:35:14,18.6044,39.3617,224.73,0.116,53.0,0.0,True,A_Winter,C_H01,a_winter,False,,,,,,,,
HS53_9,H02,1,2025,march,A_surface,sample_cruise_id,1,HaiSec_53,2025-03-23 09:44:35,18.7513,39.3556,226.303,0.0414,127.0,-126.0,True,A_Winter,D_H02,a_winter,False,,,,,,,,
HS54_1,H15,1,2025,august,B_nearsurface,sample_cruise_id,1,HaiSec_54,2025-09-07 08:32:00,29.866,39.4067,189.096,0.0995,,,True,Summer,A_H15,summer,False,,,,,,,,
HS54_10,H06,375,2025,august,F_300-600,sample_cruise_id,1,HaiSec_54,2025-09-07 15:16:00,14.601,38.9438,176.52,0.0365,108.0,267.0,True,Summer,H_H06,summer,False,,,,,,,,
HS54_11,H06,1500,2025,august,G_below_600,sample_cruise_id,1,HaiSec_54,2025-09-07 15:16:00,13.8171,38.7591,175.679,0.0355,108.0,1392.0,True,Summer,H_H06,summer,False,,,,,,,,
HS54_12,H06,1250,2025,august,G_below_600,sample_cruise_id,1,HaiSec_54,2025-09-07 15:16:00,13.7875,38.7563,175.316,0.0358,108.0,1142.0,True,Summer,H_H06,summer,False,,,,,,,,
HS54_13,H06,550,2025,august,F_300-600,sample_cruise_id,1,HaiSec_54,2025-09-07 15:16:00,14.0268,38.8284,169.658,0.0365,108.0,442.0,True,Summer,H_H06,summer,False,,,,,,,,
HS54_14,H06,1736,2025,august,H_near_bottom,sample_cruise_id,1,HaiSec_54,2025-09-07 15:16:00,13.8523,38.7608,174.721,0.0356,108.0,1628.0,True,Summer,H_H06,summer,False,,,,,,,,
HS54_15,H05,1,2025,august,A_surface,sample_cruise_id,1,HaiSec_54,2025-09-07 20:15:00,27.8556,39.5718,197.808,0.0572,120.0,-119.0,True,Summer,G_H05,summer,False,,,,,,,,
HS54_16,H05,60,2025,august,B_nearsurface,sample_cruise_id,1,HaiSec_54,2025-09-07 20:15:00,19.3533,38.7767,236.516,0.0756,120.0,-60.0,True,Summer,G_H05,summer,False,,,,,,,,
HS54_18,H05,160,2025,august,D_below_DCM,sample_cruise_id,1,HaiSec_54,2025-09-07 20:15:00,18.1159,39.2718,214.498,0.062,120.0,40.0,True,Summer,G_H05,summer,False,,,,,,,,
HS54_19,H05,240,2025,august,D_below_DCM,sample_cruise_id,1,HaiSec_54,2025-09-07 20:15:00,16.2808,39.1518,194.65,0.0398,120.0,120.0,True,Summer,G_H05,summer,False,,,,,,,,
HS54_2,H15,15,2025,august,A_surface,sample_cruise_id,1,HaiSec_54,2025-09-07 08:32:00,29.8337,39.4198,191.759,0.15,,,True,Summer,A_H15,summer,False,,,,,,,,
HS54_20,H05,375,2025,august,F_300-600,sample_cruise_id,1,HaiSec_54,2025-09-07 20:15:00,14.6803,38.9594,177.153,0.0364,120.0,255.0,True,Summer,G_H05,summer,False,,,,,,,,
HS54_21,H05,550,2025,august,F_300-600,sample_cruise_id,1,HaiSec_54,2025-09-07 20:15:00,14.0249,38.8273,169.201,0.0364,120.0,430.0,True,Summer,G_H05,summer,False,,,,,,,,
HS54_22,H05,800,2025,august,G_below_600,sample_cruise_id,1,HaiSec_54,2025-09-07 20:15:00,13.8164,38.7734,171.187,0.036,120.0,680.0,True,Summer,G_H05,summer,False,,,,,,,,
HS54_23,H05,1000,2025,august,G_below_600,sample_cruise_id,1,HaiSec_54,2025-09-07 20:15:00,13.7764,38.7587,173.407,0.0357,120.0,880.0,True,Summer,G_H05,summer,False,,,,,,,,
HS54_24,H05,1467,2025,august,H_near_bottom,sample_cruise_id,1,HaiSec_54,2025-09-07 20:15:00,13.8138,38.7597,174.608,0.0356,120.0,1347.0,True,Summer,G_H05,summer,False,,,,,,,,
HS54_25,H04,1,2025,august,A_surface,sample_cruise_id,1,HaiSec_54,2025-09-08 00:55:00,28.7617,39.3417,194.249,0.0541,114.0,-113.0,True,Summer,F_H04,summer,False,,,,,,,,
HS54_27,H04,115,2025,august,C_DCM,sample_cruise_id,1,HaiSec_54,2025-09-08 00:55:00,18.4802,39.2357,225.267,0.141,114.0,1.0,True,Summer,F_H04,summer,False,,,,,,,,
HS54_28,H04,150,2025,august,D_below_DCM,sample_cruise_id,1,HaiSec_54,2025-09-08 00:55:00,18.0746,39.2836,212.131,0.101,114.0,36.0,True,Summer,F_H04,summer,False,,,,,,,,
HS54_29,H04,240,2025,august,D_below_DCM,sample_cruise_id,1,HaiSec_54,2025-09-08 00:55:00,16.1345,39.1391,194.809,0.0472,114.0,126.0,True,Summer,F_H04,summer,False,,,,,,,,
HS54_3,H25,1,2025,august,B_nearsurface,sample_cruise_id,1,HaiSec_54,2025-09-07 09:52:00,29.9654,39.4041,190.422,0.0828,,,True,Summer,B_H25,summer,False,,,,,,,,
HS54_30,H04,375,2025,august,F_300-600,sample_cruise_id,1,HaiSec_54,2025-09-08 00:55:00,14.6811,38.959,176.472,0.0362,114.0,261.0,True,Summer,F_H04,summer,False,,,,,,,,
HS54_31,H04,550,2025,august,F_300-600,sample_cruise_id,1,HaiSec_54,2025-09-08 00:55:00,14.1073,38.8438,170.409,0.0363,114.0,436.0,True,Summer,F_H04,summer,False,,,,,,,,
HS54_32,H04,800,2025,august,G_below_600,sample_cruise_id,1,HaiSec_54,2025-09-08 00:55:00,13.8135,38.7736,172.115,0.036,114.0,686.0,True,Summer,F_H04,summer,False,,,,,,,,
HS54_33,H04,1118,2025,august,H_near_bottom,sample_cruise_id,1,HaiSec_54,2025-09-08 00:55:00,13.7665,38.7587,174.168,0.0359,114.0,1004.0,True,Summer,F_H04,summer,False,,,,,,,,
HS54_34,H03,1,2025,august,A_surface,sample_cruise_id,1,HaiSec_54,2025-09-08 04:28:00,28.8918,39.4304,192.985,0.0533,113.0,-112.0,True,Summer,E_H03,summer,False,,,,,,,,
HS54_35,H03,50,2025,august,B_nearsurface,sample_cruise_id,1,HaiSec_54,2025-09-08 04:28:00,24.1731,38.6951,223.948,0.0759,113.0,-63.0,True,Summer,E_H03,summer,False,,,,,,,,
HS54_36,H03,120,2025,august,C_DCM,sample_cruise_id,1,HaiSec_54,2025-09-08 04:28:00,18.5354,39.2172,227.022,0.113,113.0,7.0,True,Summer,E_H03,summer,False,,,,,,,,
HS54_37,H03,160,2025,august,D_below_DCM,sample_cruise_id,1,HaiSec_54,2025-09-08 04:28:00,17.9272,39.2962,211.181,0.0611,113.0,47.0,True,Summer,E_H03,summer,False,,,,,,,,
HS54_38,H03,240,2025,august,D_below_DCM,sample_cruise_id,1,HaiSec_54,2025-09-08 04:28:00,15.6086,39.0883,186.964,0.0359,113.0,127.0,True,Summer,E_H03,summer,False,,,,,,,,
HS54_39,H03,375,2025,august,F_300-600,sample_cruise_id,1,HaiSec_54,2025-09-08 04:28:00,14.5252,38.9291,174.524,0.0364,113.0,262.0,True,Summer,E_H03,summer,False,,,,,,,,
HS54_4,H25,25,2025,august,A_surface,sample_cruise_id,1,HaiSec_54,2025-09-07 09:52:00,29.3536,39.3279,187.443,0.239,,,True,Summer,B_H25,summer,False,,,,,,,,
HS54_40,H03,600,2025,august,H_near_bottom,sample_cruise_id,1,HaiSec_54,2025-09-08 04:28:00,13.9509,38.8108,171.161,0.0364,113.0,487.0,True,Summer,E_H03,summer,False,,,,,,,,
HS54_41,H02,1,2025,august,A_surface,sample_cruise_id,1,HaiSec_54,2025-09-08 06:26:00,28.875,39.4097,192.497,0.0458,94.0,-93.0,True,Summer,D_H02,summer,False,,,,,,,,
HS54_42,H02,50,2025,august,B_nearsurface,sample_cruise_id,1,HaiSec_54,2025-09-08 06:26:00,24.78,38.7708,219.985,0.0871,94.0,-44.0,True,Summer,D_H02,summer,False,,,,,,,,
HS54_43,H02,90,2025,august,C_DCM,sample_cruise_id,1,HaiSec_54,2025-09-08 06:26:00,19.5013,39.0916,233.381,0.113,94.0,-4.0,True,Summer,D_H02,summer,False,,,,,,,,
HS54_44,H02,140,2025,august,D_below_DCM,sample_cruise_id,1,HaiSec_54,2025-09-08 06:26:00,18.0801,39.2681,220.095,0.0715,94.0,46.0,True,Summer,D_H02,summer,False,,,,,,,,
HS54_45,H02,240,2025,august,D_below_DCM,sample_cruise_id,1,HaiSec_54,2025-09-08 06:26:00,15.5438,39.0753,186.139,0.0367,94.0,146.0,True,Summer,D_H02,summer,False,,,,,,,,
HS54_46,H01,50,2025,august,B_nearsurface,sample_cruise_id,1,HaiSec_54,2025-09-08 08:07:00,27.9016,39.2472,198.437,0.115,53.0,-3.0,True,Summer,C_H01,summer,False,,,,,,,,
HS54_47,H01,1,2025,august,A_surface,sample_cruise_id,1,HaiSec_54,2025-09-08 08:07:00,28.919,39.3491,193.706,0.0414,53.0,-52.0,True,Summer,C_H01,summer,False,,,,,,,,
HS54_48,H01,20,2025,august,B_nearsurface,sample_cruise_id,1,HaiSec_54,2025-09-08 08:07:00,28.8594,39.3543,194.124,0.0459,53.0,-33.0,True,Summer,C_H01,summer,False,,,,,,,,
HS54_49,H01,35,2025,august,B_nearsurface,sample_cruise_id,1,HaiSec_54,2025-09-08 08:07:00,28.7803,39.3426,194.261,0.0542,53.0,-18.0,True,Summer,C_H01,summer,False,,,,,,,,
HS54_5,H06,1,2025,august,A_surface,sample_cruise_id,1,HaiSec_54,2025-09-07 15:16:00,28.288,39.7999,196.023,0.0498,108.0,-107.0,True,Summer,H_H06,summer,False,,,,,,,,
HS54_50,H02,340,2025,august,F_300-600,sample_cruise_id,1,HaiSec_54,2025-09-08 06:26:00,14.7641,38.9691,176.789,0.0367,94.0,246.0,True,Summer,D_H02,summer,False,,,,,,,,
HS54_6,H06,50,2025,august,B_nearsurface,sample_cruise_id,1,HaiSec_54,2025-09-07 15:16:00,20.8517,39.1399,243.015,0.0621,108.0,-58.0,True,Summer,H_H06,summer,False,,,,,,,,
HS54_7,H06,110,2025,august,C_DCM,sample_cruise_id,1,HaiSec_54,2025-09-07 15:16:00,18.3543,39.255,227.301,0.136,108.0,2.0,True,Summer,H_H06,summer,False,,,,,,,,
HS54_8,H06,205,2025,august,D_below_DCM,sample_cruise_id,1,HaiSec_54,2025-09-07 15:16:00,16.7165,39.1864,200.91,0.0773,108.0,97.0,True,Summer,H_H06,summer,False,,,,,,,,
HS54_9,H06,240,2025,august,D_below_DCM,sample_cruise_id,1,HaiSec_54,2025-09-07 15:16:00,16.0413,39.1294,192.42,0.04,108.0,132.0,True,Summer,H_H06,summer,False,,,,,,,,
w1000,H05,180,2026,may,D_below_DCM,year_month_station,0,,,,,,,,,False,A_Winter,G_H05,a_winter,False,,,,,,,,
w1001,H05,240,2026,may,D_below_DCM,year_month_station,0,,,,,,,,,False,A_Winter,G_H05,a_winter,False,,,,,,,,
w1002,H05,375,2026,may,F_300-600,year_month_station,0,,,,,,,,,False,A_Winter,G_H05,a_winter,False,,,,,,,,
w1003,H05,550,2026,may,F_300-600,year_month_station,0,,,,,,,,,False,A_Winter,G_H05,a_winter,False,,,,,,,,
w1004,H05,800,2026,may,G_below_600,year_month_station,0,,,,,,,,,False,A_Winter,G_H05,a_winter,False,,,,,,,,
w1005,H05,1000,2026,may,G_below_600,year_month_station,0,,,,,,,,,False,A_Winter,G_H05,a_winter,False,,,,,,,,
w1006,H05,1450,2026,may,H_near_bottom,year_month_station,0,,,,,,,,,False,A_Winter,G_H05,a_winter,False,,,,,,,,
w1007,H06,1,2026,may,A_surface,year_month_station,0,,,,,,,,,False,A_Winter,H_H06,a_winter,False,,,,,,,,
w1008,H06,50,2026,may,B_nearsurface,year_month_station,0,,,,,,,,,False,A_Winter,H_H06,a_winter,False,,,,,,,,
w1009,H06,110,2026,may,C_DCM,year_month_station,0,,,,,,,,,False,A_Winter,H_H06,a_winter,False,,,,,,,,
w1010,H06,220,2026,may,D_below_DCM,year_month_station,0,,,,,,,,,False,A_Winter,H_H06,a_winter,False,,,,,,,,
w1011,H06,375,2026,may,F_300-600,year_month_station,0,,,,,,,,,False,A_Winter,H_H06,a_winter,False,,,,,,,,
w1012,H06,550,2026,may,F_300-600,year_month_station,0,,,,,,,,,False,A_Winter,H_H06,a_winter,False,,,,,,,,
w1013,H06,800,2026,may,G_below_600,year_month_station,0,,,,,,,,,False,A_Winter,H_H06,a_winter,False,,,,,,,,
w1014,H06,1000,2026,may,G_below_600,year_month_station,0,,,,,,,,,False,A_Winter,H_H06,a_winter,False,,,,,,,,
w1015,H06,1250,2026,may,G_below_600,year_month_station,0,,,,,,,,,False,A_Winter,H_H06,a_winter,False,,,,,,,,
w1016,H06,1550,2026,may,G_below_600,year_month_station,0,,,,,,,,,False,A_Winter,H_H06,a_winter,False,,,,,,,,
w1017,H06,1740,2026,may,H_near_bottom,year_month_station,0,,,,,,,,,False,A_Winter,H_H06,a_winter,False,,,,,,,,
w645,H15,1,2023,august,A_surface,year_month_station,1,HaiSec_50,2023-08-21 07:31:00,30.4132,39.4385,222.774,0.00583,,,True,Summer,A_H15,summer,True,0.2869999999999999,0.0780518619499319,0.0341476896030952,1.9512965487482985,0.3757085996864069,,8.043,
w646,H15,15,2023,august,B_nearsurface,year_month_station,1,HaiSec_50,2023-08-21 07:31:00,30.2156,39.4061,180.76401,0.00732,,,True,Summer,A_H15,summer,True,0.3703333333333312,0.2634250340810203,0.033172041328721,1.843975238567142,0.3113014111687372,,8.042666666666667,
w647,H25,1,2023,august,A_surface,year_month_station,1,HaiSec_50,2023-08-21 08:12:00,30.185,39.3896,192.263,0.00459,,,True,Summer,B_H25,summer,True,0.1023333333333331,,0.0058538896462448,1.9415400660045568,0.1932215655530093,,8.044333333333334,
w648,H25,25,2023,august,B_nearsurface,year_month_station,1,HaiSec_50,2023-08-21 08:12:00,30.1446,39.3951,182.55499,0.00599,,,True,Summer,B_H25,summer,True,1.2756666666666696,,0.0292694482312244,2.0293484106982302,0.2254251598118442,,8.045333333333334,
w649,NACY1,1,2023,august,A_surface,year_month_station,1,HaiSec_50,2023-08-21 09:30:00,30.6487,39.4738,187.343,0.00272,31.0,-30.0,True,Summer,NACY1,summer,True,0.5596666666666668,0.1561037238998638,,2.0878873071606794,0.2146906283922325,,8.044666666666666,
w650,NACY1,30,2023,august,B_nearsurface,year_month_station,1,HaiSec_50,2023-08-21 09:30:00,29.1987,39.2953,186.647,0.0119,31.0,-1.0,True,Summer,NACY1,summer,True,0.2379999999999995,0.0878083446936734,0.0117077792924897,1.96105303149204,0.171752502713786,,8.042666666666667,
w651,NACY2,1,2023,august,A_surface,year_month_station,1,HaiSec_50,2023-08-21 10:33:00,30.4362,39.3871,182.367,0.00241,63.0,-62.0,True,Summer,NACY2,summer,True,1.040333333333333,0.0780518619499319,,1.6586020664360537,0.085876251356893,,8.046,
w652,NACY2,65,2023,august,B_nearsurface,year_month_station,1,HaiSec_50,2023-08-21 10:33:00,21.6597,38.9895,212.38499,0.0184,63.0,2.0,True,Summer,NACY2,summer,True,0.9096666666666664,0.3219639305434691,0.0175616689387346,1.2390733084551695,0.4293812567844651,,8.000666666666667,
w653,NACY2,100,2023,august,C_DCM,year_month_station,1,HaiSec_50,2023-08-21 10:33:00,18.7352,39.1218,225.90601,0.00378,63.0,37.0,True,Summer,NACY2,summer,True,0.4983333333333206,0.1073213101811564,,1.0049177226053736,0.1395489084549511,,8.000666666666667,
w654,NACY2,155,2023,august,D_below_DCM,year_month_station,1,HaiSec_50,2023-08-21 10:33:00,17.57,39.1739,215.57001,0.00271,63.0,92.0,True,Summer,NACY2,summer,True,0.4366666666666958,0.2536685513372788,0.0292694482312244,1.1219955155302714,0.1073453141961162,,7.986666666666667,
w655,NACY3,375,2023,august,F_300-600,year_month_station,1,HaiSec_50,2023-08-21 12:36:00,14.5473,38.9368,172.424,0.00132,109.0,266.0,True,Summer,NACY3,summer,True,0.0309999999998922,5.736811853319997,0.1912270617773332,5.970967439169793,,,7.940333333333332,
w656,NACY3,600,2023,august,F_300-600,year_month_station,1,HaiSec_50,2023-08-21 12:36:00,13.9124,38.8094,168.70799,0.00133,109.0,491.0,True,Summer,NACY3,summer,True,0.91700000000003,6.185610059532106,0.2273260479291767,8.31252329766775,,,7.948666666666667,
w657,H01,1,2023,august,A_surface,year_month_station,1,HaiSec_50,2023-08-27 13:53:00,30.6058,39.5321,177.467,0.0843,22.0,-21.0,True,Summer,C_H01,summer,True,0.9696666666666668,0.1756166893873468,0.0360989861518435,3.99040144219027,0.3542395368471837,,8.047,
w658,H01,20,2023,august,B_nearsurface,year_month_station,1,HaiSec_50,2023-08-27 13:53:00,30.3189,39.4811,175.707,0.154,22.0,-2.0,True,Summer,C_H01,summer,True,0.8953333333333369,,0.0146347241156122,3.6196550979280935,0.6548064165963093,,8.043,
w659,H01,35,2023,august,B_nearsurface,year_month_station,1,HaiSec_50,2023-08-27 13:53:00,29.2327,39.4378,177.50101,0.1,22.0,13.0,True,Summer,C_H01,summer,True,0.0730000000000004,,0.0107321310181156,1.4439594460737408,0.289832348329514,,8.03,
w660,H01,60,2023,august,B_nearsurface,year_month_station,1,HaiSec_50,2023-08-27 13:53:00,,,,,,,False,Summer,C_H01,summer,False,7.321666666666665,,,,,,,
w661,I_G05,1,2023,august,A_surface,year_month_station,0,,,,,,,,,False,Summer,I_G05,summer,False,,,,,,,,
w662,I_G05,50,2023,august,B_nearsurface,year_month_station,0,,,,,,,,,False,Summer,I_G05,summer,False,,,,,,,,
w663,I_G05,110,2023,august,C_DCM,year_month_station,0,,,,,,,,,False,Summer,I_G05,summer,False,,,,,,,,
w664,I_G05,180,2023,august,D_below_DCM,year_month_station,0,,,,,,,,,False,Summer,I_G05,summer,False,,,,,,,,
w665,I_G05,240,2023,august,D_below_DCM,year_month_station,0,,,,,,,,,False,Summer,I_G05,summer,False,,,,,,,,
w666,I_G05,375,2023,august,F_300-600,year_month_station,0,,,,,,,,,False,Summer,I_G05,summer,False,,,,,,,,
w667,I_G05,550,2023,august,F_300-600,year_month_station,0,,,,,,,,,False,Summer,I_G05,summer,False,,,,,,,,
w668,H06,1,2023,august,A_surface,year_month_station,1,HaiSec_50,2023-08-28 03:31:00,29.3309,39.7345,178.657,0.036,112.0,-111.0,True,Summer,H_H06,summer,False,,,,,,,,
w669,H06,50,2023,august,B_nearsurface,year_month_station,1,HaiSec_50,2023-08-28 03:31:00,19.3473,39.0938,224.138,0.0419,112.0,-62.0,True,Summer,H_H06,summer,False,,,,,,,,
w670,H06,110,2023,august,C_DCM,year_month_station,1,HaiSec_50,2023-08-28 03:31:00,17.2099,39.1531,203.98199,0.0821,112.0,-2.0,True,Summer,H_H06,summer,False,,,,,,,,
w671,H06,180,2023,august,D_below_DCM,year_month_station,1,HaiSec_50,2023-08-28 03:31:00,16.1514,39.1171,189.22,0.0343,112.0,68.0,True,Summer,H_H06,summer,False,,,,,,,,
w672,H06,240,2023,august,D_below_DCM,year_month_station,1,HaiSec_50,2023-08-28 03:31:00,15.3795,39.0681,179.632,0.0291,112.0,128.0,True,Summer,H_H06,summer,False,,,,,,,,
w673,H06,375,2023,august,F_300-600,year_month_station,1,HaiSec_50,2023-08-28 03:31:00,14.4461,38.9154,166.23801,0.0288,112.0,263.0,True,Summer,H_H06,summer,False,,,,,,,,
w674,H06,550,2023,august,F_300-600,year_month_station,1,HaiSec_50,2023-08-28 03:31:00,13.9518,38.8128,162.655,0.0296,112.0,438.0,True,Summer,H_H06,summer,False,,,,,,,,
w675,H05,1,2023,august,A_surface,year_month_station,1,HaiSec_50,2023-08-28 08:43:00,29.5721,39.7665,178.53,0.0272,119.0,-118.0,True,Summer,G_H05,summer,False,,,,,,,,
w676,H05,50,2023,august,B_nearsurface,year_month_station,1,HaiSec_50,2023-08-28 08:43:00,20.0236,39.1161,228.058,0.0373,119.0,-69.0,True,Summer,G_H05,summer,False,,,,,,,,
w677,H05,110,2023,august,C_DCM,year_month_station,1,HaiSec_50,2023-08-28 08:43:00,16.922,39.1347,201.974,0.0933,119.0,-9.0,True,Summer,G_H05,summer,False,,,,,,,,
w678,H05,180,2023,august,D_below_DCM,year_month_station,1,HaiSec_50,2023-08-28 08:43:00,15.8884,39.1043,184.02699,0.0317,119.0,61.0,True,Summer,G_H05,summer,False,,,,,,,,
w679,H05,240,2023,august,D_below_DCM,year_month_station,1,HaiSec_50,2023-08-28 08:43:00,15.1231,39.0256,174.179,0.027,119.0,121.0,True,Summer,G_H05,summer,False,,,,,,,,
w680,H05,375,2023,august,F_300-600,year_month_station,1,HaiSec_50,2023-08-28 08:43:00,14.299,38.8861,164.39,0.0278,119.0,256.0,True,Summer,G_H05,summer,False,,,,,,,,
w681,H05,550,2023,august,F_300-600,year_month_station,1,HaiSec_50,2023-08-28 08:43:00,13.9399,38.8094,163.114,0.0276,119.0,431.0,True,Summer,G_H05,summer,False,,,,,,,,
w682,H04,1,2023,august,A_surface,year_month_station,1,HaiSec_50,2023-08-28 13:30:00,,,,,,,False,Summer,F_H04,summer,False,239.93633333333327,,,,,,,
w683,H04,50,2023,august,B_nearsurface,year_month_station,1,HaiSec_50,2023-08-28 13:30:00,21.5438,38.999,217.91701,0.0132,141.0,-91.0,True,Summer,F_H04,summer,False,190.93633333333327,,,,,,,
w684,H04,140,2023,august,C_DCM,year_month_station,1,HaiSec_50,2023-08-28 13:30:00,17.2867,39.1578,205.743,0.0724,141.0,-1.0,True,Summer,F_H04,summer,False,100.93633333333328,,,,,,,
w685,H04,180,2023,august,D_below_DCM,year_month_station,1,HaiSec_50,2023-08-28 13:30:00,16.4297,39.1135,192.618,0.055,141.0,39.0,True,Summer,F_H04,summer,False,60.93633333333327,,,,,,,
w686,H04,375,2023,august,F_300-600,year_month_station,1,HaiSec_50,2023-08-28 13:30:00,14.5115,38.924,166.983,0.0156,141.0,234.0,True,Summer,F_H04,summer,True,0.0506666666667001,5.853889646244895,0.2078130824416937,6.058775783863466,,,7.989666666666667,
w687,H04,550,2023,august,F_300-600,year_month_station,1,HaiSec_50,2023-08-28 13:30:00,13.9718,38.8161,165.24699,0.0154,141.0,409.0,True,Summer,F_H04,summer,True,1.2636666666667224,6.049019301119725,0.2322042893010475,7.9612899188930575,,,7.980666666666667,
w688,H04,800,2023,august,G_below_600,year_month_station,1,HaiSec_50,2023-08-28 13:30:00,13.7814,38.769,167.946,0.0168,141.0,659.0,True,Summer,F_H04,summer,True,0.9459999999999128,5.853889646244895,0.2361068823985441,8.819860400342307,,,7.976333333333334,
w689,H04,1100,2023,august,H_near_bottom,year_month_station,1,HaiSec_50,2023-08-28 13:30:00,13.7624,38.7624,169.87,0.026,141.0,959.0,True,Summer,F_H04,summer,False,10.674666666666552,,,,,,,
w690,H03,1,2023,august,A_surface,year_month_station,1,HaiSec_50,2023-08-28 16:14:00,29.6032,39.4358,178.405,0.0358,46.0,-45.0,True,Summer,E_H03,summer,True,2.557,,0.013659075841238,2.507416065141564,0.2254251598118442,,8.070666666666666,
w691,H03,50,2023,august,B_nearsurface,year_month_station,1,HaiSec_50,2023-08-28 16:14:00,22.8524,38.9651,203.92101,0.0634,46.0,4.0,True,Summer,E_H03,summer,True,1.5023333333333326,0.1951296548748298,0.033172041328721,1.2585862739426523,0.3327704740079604,,8.027,
w692,H03,130,2023,august,C_DCM,year_month_station,1,HaiSec_50,2023-08-28 16:14:00,17.5687,39.1592,208.256,0.0244,46.0,84.0,True,Summer,E_H03,summer,True,0.9130000000000108,0.1463472411561223,0.0107321310181156,0.9463788261429248,0.085876251356893,,8.021333333333333,
w693,H03,180,2023,august,D_below_DCM,year_month_station,1,HaiSec_50,2023-08-28 16:14:00,16.4872,39.1147,192.64101,0.0254,46.0,134.0,True,Summer,E_H03,summer,True,1.4226666666666858,2.000078962467006,0.0312207447799727,1.785436342104693,0.0536726570980581,,7.98525,
w694,H03,240,2023,august,D_below_DCM,year_month_station,1,HaiSec_50,2023-08-28 16:14:00,15.6717,39.091,180.536,0.0141,46.0,194.0,True,Summer,E_H03,summer,True,0.0180000000000006,3.92210606298408,0.0946378826142924,2.956214271353672,0.0,,7.988666666666667,
w695,H03,375,2023,august,F_300-600,year_month_station,1,HaiSec_50,2023-08-28 16:14:00,14.552,38.9304,167.489,0.0149,46.0,329.0,True,Summer,E_H03,summer,True,0.0169999999999959,5.805107232526188,0.209764378990442,6.039262818375984,,,7.978000000000001,
w696,H03,578,2023,august,F_300-600,year_month_station,1,HaiSec_50,2023-08-28 16:14:00,14.0205,38.8252,164.50999,0.0204,46.0,532.0,True,Summer,E_H03,summer,True,1.4926666666666506,6.156340611300881,0.2575711444347754,7.883238056943125,,,7.982,
w697,H02,1,2023,august,A_surface,year_month_station,1,HaiSec_50,2023-08-28 18:10:00,30.0301,39.4852,178.04201,0.0615,42.0,-41.0,True,Summer,D_H02,summer,True,1.3716666666666666,0.1951296548748298,0.0341476896030952,3.3269606156158487,0.3435050054275721,,8.07525,
w698,H02,40,2023,august,B_nearsurface,year_month_station,1,HaiSec_50,2023-08-28 18:10:00,26.4608,39.0824,182.91499,0.122,42.0,-2.0,True,Summer,D_H02,summer,True,0.400666666666666,0.2341555858497958,0.033172041328721,1.785436342104693,0.7514171993728139,,8.024333333333333,
w699,H02,60,2023,august,B_nearsurface,year_month_station,1,HaiSec_50,2023-08-28 18:10:00,22.4502,38.9773,213.30499,0.0557,42.0,18.0,True,Summer,D_H02,summer,True,3.7269999999999968,0.1073213101811564,,1.1805344119927204,0.2468942226510674,,8.02775,
w700,H02,130,2023,august,C_DCM,year_month_station,1,HaiSec_50,2023-08-28 18:10:00,17.5244,39.1621,208.89799,0.0272,42.0,88.0,True,Summer,D_H02,summer,True,0.7529999999999859,0.1561037238998638,0.0146347241156122,0.8390575159617684,,,8.007,
w701,H02,240,2023,august,D_below_DCM,year_month_station,1,HaiSec_50,2023-08-28 18:10:00,15.4361,39.0632,177.463,0.0153,42.0,198.0,True,Summer,D_H02,summer,True,0.1003333333333102,4.214800545296325,0.1121995515530271,3.483064339515712,,,7.962333333333333,
w702,H02,287,2023,august,D_below_DCM,year_month_station,1,HaiSec_50,2023-08-28 18:10:00,15.1081,39.021,172.84,0.022,42.0,245.0,True,Summer,D_H02,summer,True,0.7086666666666588,5.346552543570337,0.1629332618204829,4.497738544864827,,,7.963749999999999,
w703,H15,1,2024,march,A_surface,year_month_station,1,HaiSec_51,2024-03-27 14:08:00,18.977,38.9209,218.924,0.205,,,True,A_Winter,A_H15,a_winter,False,,,,,,,,
w704,H15,15,2024,march,B_nearsurface,year_month_station,1,HaiSec_51,2024-03-27 14:08:00,18.5615,38.9192,211.04201,0.193,,,True,A_Winter,A_H15,a_winter,False,,,,,,,,
w705,H25,1,2024,march,A_surface,year_month_station,1,HaiSec_51,2024-03-27 14:50:00,19.2436,38.8645,210.47099,0.116,,,True,A_Winter,B_H25,a_winter,False,,,,,,,,
w706,H25,25,2024,march,B_nearsurface,year_month_station,1,HaiSec_51,2024-03-27 14:50:00,18.5191,38.9013,209.681,0.18,,,True,A_Winter,B_H25,a_winter,False,,,,,,,,
w707,H01,0,2024,march,A_surface,year_month_station,1,HaiSec_51,2024-03-27 15:43:00,19.2505,38.9616,209.091,0.0834,57.0,-57.0,True,A_Winter,C_H01,a_winter,False,,,,,,,,
w708,H01,20,2024,march,B_nearsurface,year_month_station,1,HaiSec_51,2024-03-27 15:43:00,18.6732,38.9791,208.77699,0.0835,57.0,-37.0,True,A_Winter,C_H01,a_winter,False,,,,,,,,
w709,H01,35,2024,march,B_nearsurface,year_month_station,1,HaiSec_51,2024-03-27 15:43:00,18.6671,38.9796,208.748,0.0889,57.0,-22.0,True,A_Winter,C_H01,a_winter,False,,,,,,,,
w710,H01,65,2024,march,B_nearsurface,year_month_station,1,HaiSec_51,2024-03-27 15:43:00,18.6387,38.9704,208.311,0.0973,57.0,8.0,True,A_Winter,C_H01,a_winter,False,,,,,,,,
w711,H02,1,2024,march,A_surface,year_month_station,1,HaiSec_51,2024-03-27 17:31:00,18.8205,38.9996,209.436,0.054,27.0,-26.0,True,A_Winter,D_H02,a_winter,False,,,,,,,,
w712,H02,60,2024,march,B_nearsurface,year_month_station,1,HaiSec_51,2024-03-27 17:31:00,18.6106,38.9978,209.52299,0.0592,27.0,33.0,True,A_Winter,D_H02,a_winter,False,,,,,,,,
w713,H02,130,2024,march,C_DCM,year_month_station,1,HaiSec_51,2024-03-27 17:31:00,17.9453,39.1737,200.783,0.0558,27.0,103.0,True,A_Winter,D_H02,a_winter,False,,,,,,,,
w714,H02,150,2024,march,C_DCM,year_month_station,1,HaiSec_51,2024-03-27 17:31:00,17.2553,39.1586,195.218,0.03,27.0,123.0,True,A_Winter,D_H02,a_winter,False,,,,,,,,
w715,H02,240,2024,march,D_below_DCM,year_month_station,1,HaiSec_51,2024-03-27 17:31:00,16.0827,39.1026,180.41,0.0255,27.0,213.0,True,A_Winter,D_H02,a_winter,False,,,,,,,,
w716,H03,1,2024,march,A_surface,year_month_station,1,HaiSec_51,2024-03-27 18:23:00,18.6702,38.9997,208.256,0.0549,46.0,-45.0,True,A_Winter,E_H03,a_winter,False,,,,,,,,
w717,H03,60,2024,march,B_nearsurface,year_month_station,1,HaiSec_51,2024-03-27 18:23:00,18.5729,39.0053,208.715,0.0576,46.0,14.0,True,A_Winter,E_H03,a_winter,False,,,,,,,,
w718,H03,100,2024,march,C_DCM,year_month_station,1,HaiSec_51,2024-03-27 18:23:00,18.5718,39.0245,208.283,0.06,46.0,54.0,True,A_Winter,E_H03,a_winter,False,,,,,,,,
w719,H03,145,2024,march,D_below_DCM,year_month_station,1,HaiSec_51,2024-03-27 18:23:00,17.5576,39.1761,197.675,0.0334,46.0,99.0,True,A_Winter,E_H03,a_winter,False,,,,,,,,
w720,H03,375,2024,march,F_300-600,year_month_station,1,HaiSec_51,2024-03-27 18:23:00,14.4438,38.9098,162.084,0.0235,46.0,329.0,True,A_Winter,E_H03,a_winter,False,,,,,,,,
w721,H03,480,2024,march,F_300-600,year_month_station,1,HaiSec_51,2024-03-27 18:23:00,14.0829,38.8397,160.77299,0.0234,46.0,434.0,True,A_Winter,E_H03,a_winter,False,,,,,,,,
w722,H03,582,2024,march,F_300-600,year_month_station,1,HaiSec_51,2024-03-27 18:23:00,13.9,38.7993,161.867,0.0242,46.0,536.0,True,A_Winter,E_H03,a_winter,False,,,,,,,,
w723,H04,1,2024,march,A_surface,year_month_station,1,HaiSec_51,2024-03-27 21:10:00,,,,,,,False,A_Winter,F_H04,a_winter,False,,,,,,,,
w724,H04,50,2024,march,B_nearsurface,year_month_station,1,HaiSec_51,2024-03-27 21:10:00,18.4285,39.1318,209.85001,0.0514,121.0,-71.0,True,A_Winter,F_H04,a_winter,False,,,,,,,,
w725,H04,125,2024,march,C_DCM,year_month_station,1,HaiSec_51,2024-03-27 21:10:00,17.256,39.1533,197.694,0.0782,121.0,4.0,True,A_Winter,F_H04,a_winter,False,,,,,,,,
w726,H04,155,2024,march,D_below_DCM,year_month_station,1,HaiSec_51,2024-03-27 21:10:00,16.8769,39.1736,197.25101,0.0336,121.0,34.0,True,A_Winter,F_H04,a_winter,False,,,,,,,,
w727,H04,400,2024,march,F_300-600,year_month_station,1,HaiSec_51,2024-03-27 21:10:00,14.2564,38.8757,161.57001,0.023,121.0,279.0,True,A_Winter,F_H04,a_winter,False,,,,,,,,
w728,H04,550,2024,march,F_300-600,year_month_station,1,HaiSec_51,2024-03-27 21:10:00,13.9283,38.8063,159.964,0.0231,121.0,429.0,True,A_Winter,F_H04,a_winter,False,,,,,,,,
w729,H04,800,2024,march,G_below_600,year_month_station,1,HaiSec_51,2024-03-27 21:10:00,13.8056,38.7717,163.19501,0.0226,121.0,679.0,True,A_Winter,F_H04,a_winter,False,,,,,,,,
w730,H04,1120,2024,march,H_near_bottom,year_month_station,1,HaiSec_51,2024-03-27 21:10:00,13.7665,38.7603,165.47,0.0288,121.0,999.0,True,A_Winter,F_H04,a_winter,False,,,,,,,,
w731,H05,1,2024,march,A_surface,year_month_station,1,HaiSec_51,2024-03-28 01:51:00,18.4558,39.141,208.87,0.0471,60.0,-59.0,True,A_Winter,G_H05,a_winter,False,,,,,,,,
w732,H05,60,2024,march,B_nearsurface,year_month_station,1,HaiSec_51,2024-03-28 01:51:00,18.1823,39.1906,205.69501,0.0863,60.0,0.0,True,A_Winter,G_H05,a_winter,False,,,,,,,,
w733,H05,100,2024,march,C_DCM,year_month_station,1,HaiSec_51,2024-03-28 01:51:00,17.6064,39.2191,207.308,0.0743,60.0,40.0,True,A_Winter,G_H05,a_winter,False,,,,,,,,
w734,H05,180,2024,march,D_below_DCM,year_month_station,1,HaiSec_51,2024-03-28 01:51:00,16.0832,39.1116,180.90601,0.024,60.0,120.0,True,A_Winter,G_H05,a_winter,False,,,,,,,,
w735,H05,375,2024,march,F_300-600,year_month_station,1,HaiSec_51,2024-03-28 01:51:00,14.4095,38.9077,162.16499,0.0229,60.0,315.0,True,A_Winter,G_H05,a_winter,False,,,,,,,,
w736,H05,550,2024,march,F_300-600,year_month_station,1,HaiSec_51,2024-03-28 01:51:00,13.9653,38.8143,159.12399,0.0228,60.0,490.0,True,A_Winter,G_H05,a_winter,False,,,,,,,,
w737,H05,800,2024,march,F_300-600,year_month_station,1,HaiSec_51,2024-03-28 01:51:00,13.7875,38.7674,162.63901,0.0224,60.0,740.0,True,A_Winter,G_H05,a_winter,False,,,,,,,,
w738,H05,1000,2024,march,G_below_600,year_month_station,1,HaiSec_51,2024-03-28 01:51:00,13.7652,38.7577,165.149,0.0228,60.0,940.0,True,A_Winter,G_H05,a_winter,False,,,,,,,,
w739,H05,1200,2024,march,G_below_600,year_month_station,1,HaiSec_51,2024-03-28 01:51:00,13.7804,38.7589,167.215,0.0225,60.0,1140.0,True,A_Winter,G_H05,a_winter,False,,,,,,,,
w740,H05,1350,2024,march,G_below_600,year_month_station,1,HaiSec_51,2024-03-28 01:51:00,13.7993,38.7618,168.05299,0.0223,60.0,1290.0,True,A_Winter,G_H05,a_winter,False,,,,,,,,
w741,H05,1450,2024,march,H_near_bottom,year_month_station,1,HaiSec_51,2024-03-28 01:51:00,13.8152,38.7636,167.575,0.0288,60.0,1390.0,True,A_Winter,G_H05,a_winter,False,,,,,,,,
w742,H06,1,2024,march,A_surface,year_month_station,1,HaiSec_51,2024-03-28 08:32:00,18.7285,39.0877,208.903,0.0289,151.0,-150.0,True,A_Winter,H_H06,a_winter,False,,,,,,,,
w743,H06,50,2024,march,B_nearsurface,year_month_station,1,HaiSec_51,2024-03-28 08:32:00,18.3085,39.2244,209.73599,0.0428,151.0,-101.0,True,A_Winter,H_H06,a_winter,False,,,,,,,,
w744,H06,110,2024,march,C_DCM,year_month_station,1,HaiSec_51,2024-03-28 08:32:00,18.0362,39.2131,207.05099,0.08,151.0,-41.0,True,A_Winter,H_H06,a_winter,False,,,,,,,,
w745,H06,150,2024,march,D_below_DCM,year_month_station,1,HaiSec_51,2024-03-28 08:32:00,17.2217,39.1698,197.13,0.101,151.0,-1.0,True,A_Winter,H_H06,a_winter,False,,,,,,,,
w746,H06,180,2024,march,D_below_DCM,year_month_station,1,HaiSec_51,2024-03-28 08:32:00,16.6649,39.1799,195.72501,0.0592,151.0,29.0,True,A_Winter,H_H06,a_winter,False,,,,,,,,
w747,H06,375,2024,march,F_300-600,year_month_station,1,HaiSec_51,2024-03-28 08:32:00,14.5664,38.9395,165.2,0.0215,151.0,224.0,True,A_Winter,H_H06,a_winter,False,,,,,,,,
w748,H06,520,2024,march,F_300-600,year_month_station,1,HaiSec_51,2024-03-28 08:32:00,14.052,38.8339,159.355,0.022,151.0,369.0,True,A_Winter,H_H06,a_winter,False,,,,,,,,
w749,H06,800,2024,march,G_below_600,year_month_station,1,HaiSec_51,2024-03-28 08:32:00,13.8117,38.7729,162.047,0.0215,151.0,649.0,True,A_Winter,H_H06,a_winter,False,,,,,,,,
w750,H06,1000,2024,march,G_below_600,year_month_station,1,HaiSec_51,2024-03-28 08:32:00,13.7743,38.7588,165.297,0.0212,151.0,849.0,True,A_Winter,H_H06,a_winter,False,,,,,,,,
w751,H06,1250,2024,march,G_below_600,year_month_station,1,HaiSec_51,2024-03-28 08:32:00,13.7879,38.7577,167.31,0.0211,151.0,1099.0,True,A_Winter,H_H06,a_winter,False,,,,,,,,
w752,H06,1500,2024,march,G_below_600,year_month_station,1,HaiSec_51,2024-03-28 08:32:00,13.819,38.7616,169.121,0.0211,151.0,1349.0,True,A_Winter,H_H06,a_winter,False,,,,,,,,
w753,H06,1752,2024,march,H_near_bottom,year_month_station,1,HaiSec_51,2024-03-28 08:32:00,13.8582,38.7639,169.379,0.0246,151.0,1601.0,True,A_Winter,H_H06,a_winter,False,,,,,,,,
w766,H15,15,2024,august,B_nearsurface,year_month_station,1,HaiSec_52,2024-08-06 07:27:00,31.1151,39.5475,163.602,0.072087,,,True,Summer,A_H15,summer,True,0.4730000000000007,0.8685003604276498,0.0341545085561435,2.1501076338677025,0.29,181.43124707330355,8.033,2639.565644251174
w767,H15,1,2024,august,A_surface,year_month_station,1,HaiSec_52,2024-08-06 07:27:00,31.1692,39.5568,163.429,0.061316,,,True,Summer,A_H15,summer,True,1.343,0.0585515917103827,0.0204930570986339,2.072075773306324,0.23,,8.031333333333334,2634.333536177953
w768,H25,25,2024,august,B_nearsurface,year_month_station,1,HaiSec_52,2024-08-06 09:04:00,30.358,39.3759,167.754,0.12395,,,True,Summer,B_H25,summer,True,0.6060000000000016,0.4000535095962591,0.0253692469500066,2.023034820885148,0.49,189.9018251261487,8.029,2623.457322032258
w769,H25,1,2024,august,A_surface,year_month_station,1,HaiSec_52,2024-08-06 09:04:00,30.7275,39.4091,168.181,0.073119,,,True,Summer,B_H25,summer,True,1.8695000000000004,0.4586339947518609,0.0204921572123171,1.8963377229810987,0.35,184.4450751222409,8.033333333333333,2627.0264129123498
w770,H01,1,2024,august,A_surface,year_month_station,1,HaiSec_52,2024-08-06 10:03:00,30.0272,39.3528,171.773,0.03502,48.0,-47.0,True,Summer,C_H01,summer,True,1.099333333333333,0.3804935586830825,0.0204881146983198,1.4471763556749722,0.04,187.5293146268964,8.031666666666666,2622.524298047548
w771,H01,15,2024,august,B_nearsurface,year_month_station,1,HaiSec_52,2024-08-06 10:03:00,29.8362,39.4572,170.725,0.036167,48.0,-33.0,True,Summer,C_H01,summer,True,0.1603333333333321,0.1365679917403678,0.0165832561399018,1.02751155690372,0.05,188.8066722273746,8.038333333333332,2639.308269142077
w772,H01,32,2024,august,B_nearsurface,year_month_station,1,HaiSec_52,2024-08-06 10:03:00,28.2484,39.137,179.816,0.049242,48.0,-16.0,True,Summer,C_H01,summer,True,1.1780000000000008,0.029257999575954,0.0165795330930406,1.1150548727280272,0.13,196.21652114690173,8.018333333333333,2612.0066238872428
w773,H01,48,2024,august,B_nearsurface,year_month_station,1,HaiSec_52,2024-08-06 10:03:00,24.3775,38.991,197.062,0.084377,48.0,0.0,True,Summer,C_H01,summer,True,0.0646666666666604,0.0292238695501014,0.0175343217300608,1.1527192989206685,0.21,217.02551210334408,7.995999999999999,2596.573590619722
w774,H02,1,2024,august,A_surface,year_month_station,1,HaiSec_52,2024-08-06 11:07:00,30.0545,39.5984,169.837,0.034415,85.0,-84.0,True,Summer,D_H02,summer,True,1.079333333333333,0.3414102878625228,0.0078036637225719,0.8518999563807714,0.03,184.13339590626225,8.044,2637.5490411808737
w775,H02,60,2024,august,B_nearsurface,year_month_station,1,HaiSec_52,2024-08-06 11:07:00,21.4054,38.9619,207.387,0.072207,85.0,-25.0,True,Summer,D_H02,summer,True,0.3523333333333411,0.1265314933967107,0.0340661712991144,1.112828262437738,0.22,226.161438675141,7.986666666666667,2599.40053103382
w776,H02,80,2024,august,B_nearsurface,year_month_station,1,HaiSec_52,2024-08-06 11:07:00,19.318,39.0299,208.797,0.11543,85.0,-5.0,True,Summer,D_H02,summer,True,1.1346666666666607,0.1167288718066993,0.0077819247871132,0.8106171653243008,0.03,,8.043999999999999,2643.9300123781554
w777,H02,100,2024,august,C_DCM,year_month_station,1,HaiSec_52,2024-08-06 11:07:00,19.009,39.118,213.473,0.065472,85.0,15.0,True,Summer,D_H02,summer,True,0.920666666666662,0.486085321584327,0.0077773651453492,0.8684724412306644,0.26,230.8815378154717,8.002666666666666,2607.774426865771
w778,H02,180,2024,august,D_below_DCM,year_month_station,1,HaiSec_52,2024-08-06 11:07:00,17.4113,39.1688,196.577,0.06187,85.0,95.0,True,Summer,D_H02,summer,True,0.3810000000000002,3.170626691872177,0.034569196933751,0.868842488161292,0.12,216.92422827668804,7.968,2621.8169125237223
w779,H02,265,2024,august,D_below_DCM,year_month_station,1,HaiSec_52,2024-08-06 11:07:00,15.6015,39.0886,173.721,0.029876,85.0,180.0,True,Summer,D_H02,summer,True,0.4636666666666542,3.566567405305692,0.0903789560472559,3.142207432467321,,191.2545580230972,7.921666666666667,2626.103800423361
w780,H03,0,2024,august,A_surface,year_month_station,1,HaiSec_52,2024-08-06 13:05:00,30.0449,39.6372,170.001,0.030356,110.0,-110.0,True,Summer,E_H03,summer,True,2.3816666666666664,0.1658225486086854,0.0078034140521734,0.8323641655651662,0.03,186.48089272844663,8.050333333333334,2652.60294208662
w781,H03,62,2024,august,B_nearsurface,year_month_station,1,HaiSec_52,2024-08-06 13:05:00,20.2268,38.9101,219.143,0.047118,110.0,-48.0,True,Summer,E_H03,summer,True,0.3246666666666726,0.1070346270641141,0.0058382523853153,0.7914075455649653,0.06,238.7972876073404,8.007333333333333,2596.679529708881
w782,H03,120,2024,august,C_DCM,year_month_station,1,HaiSec_52,2024-08-06 13:05:00,18.2607,39.1398,203.965,0.08281,110.0,10.0,True,Summer,E_H03,summer,True,0.2326666666666597,0.3695100170762248,0.0116687373813544,0.8006050369984871,0.21,222.2731995719788,7.989666666666667,2618.848740341732
w783,H03,180,2024,august,D_below_DCM,year_month_station,1,HaiSec_52,2024-08-06 13:05:00,17.054,39.1635,190.61,0.067657,110.0,70.0,True,Summer,E_H03,summer,True,0.179000000000002,1.1179033188605358,0.0194417968497484,1.1794690088847395,0.13,201.4115478687145,7.956333333333333,2619.27024804164
w784,H03,220,2024,august,D_below_DCM,year_month_station,1,HaiSec_52,2024-08-06 13:05:00,16.4465,39.1833,186.795,0.050094,110.0,110.0,True,Summer,E_H03,summer,True,0.4603333333333239,1.4773437670088925,0.0184667970876111,1.4222673546423328,0.09,203.96996392913232,7.947666666666667,2619.743572905808
w785,H03,375,2024,august,F_300-600,year_month_station,1,HaiSec_52,2024-08-06 13:05:00,14.4618,38.9123,159.504,0.029432,110.0,265.0,True,Summer,E_H03,summer,True,0.2559999999999718,5.888489499443411,0.2176603379332218,6.222105791216058,,175.4011406992809,7.924333333333333,2623.425697446587
w786,H04,680,2024,august,G_below_600,year_month_station,1,HaiSec_52,2024-08-06 16:07:00,13.8831,38.7895,158.047,0.029008,131.0,549.0,True,Summer,F_H04,summer,False,120.375,,,,,,,
w787,H04,1,2024,august,A_surface,year_month_station,1,HaiSec_52,2024-08-06 16:07:00,29.8602,39.6734,172.082,0.034559,131.0,-130.0,True,Summer,F_H04,summer,True,1.3175,0.0390136072634753,0.0068273812711081,0.8322902882874745,0.04,180.00397363445327,8.031999999999998,2654.314114948927
w788,H04,60,2024,august,B_nearsurface,year_month_station,1,HaiSec_52,2024-08-06 16:07:00,20.0193,38.929,218.101,0.044117,131.0,-71.0,True,Summer,F_H04,summer,True,0.4095000000000013,0.2724341495038828,0.0145946865805651,0.8886542495721892,0.05,239.7119339938733,7.986333333333333,2602.212721355864
w789,H04,130,2024,august,C_DCM,year_month_station,1,HaiSec_52,2024-08-06 16:07:00,17.9041,39.1595,197.305,0.10186,131.0,-1.0,True,Summer,F_H04,summer,True,1.1055000000000064,0.1847346558908673,0.0165288902639197,0.9074684850779448,0.27,216.985426120318,7.954000000000001,2621.0952335355714
w790,H04,150,2024,august,C_DCM,year_month_station,1,HaiSec_52,2024-08-06 16:07:00,17.4333,39.1786,196.451,0.082652,131.0,19.0,True,Summer,F_H04,summer,True,0.6075000000000159,0.3305341626500285,0.0048607965095592,0.8976270887652736,0.25,213.4919180581627,7.945,2624.761967104326
w791,H04,212,2024,august,D_below_DCM,year_month_station,1,HaiSec_52,2024-08-06 16:07:00,16.2275,39.139,181.313,0.050868,131.0,81.0,True,Summer,F_H04,summer,False,31.139999999999983,,,,,,,
w792,H04,375,2024,august,F_300-600,year_month_station,1,HaiSec_52,2024-08-06 16:07:00,14.7827,38.9818,166.801,0.028719,131.0,244.0,True,Summer,F_H04,summer,True,0.2389999999999759,5.276411573706756,0.1797672451447053,5.0561562102862165,,182.1178138718472,7.900333333333333,2615.347525016344
w793,H04,650,2024,august,F_300-600,year_month_station,1,HaiSec_52,2024-08-06 16:07:00,13.9099,38.7962,157.867,0.029068,131.0,519.0,True,Summer,F_H04,summer,False,99.3164999999999,,,,,,,
w794,H05,800,2024,august,G_below_600,year_month_station,1,HaiSec_52,2024-08-06 20:14:00,13.836,38.775,158.472,0.026203,138.0,662.0,True,Summer,G_H05,summer,True,0.1124999999999545,6.053423453877432,0.2399992926336638,8.923050623559297,,169.9907701181801,7.926666666666667,2608.43647310193
w795,H05,1104,2024,august,H_near_bottom,year_month_station,1,HaiSec_52,2024-08-06 20:14:00,13.779,38.7548,162.614,0.026656,138.0,966.0,True,Summer,G_H05,summer,False,96.07600000000002,,,,,,,
w796,H05,1,2024,august,A_surface,year_month_station,1,HaiSec_52,2024-08-06 20:14:00,29.2122,39.6494,172.864,0.035741,138.0,-137.0,True,Summer,G_H05,summer,True,1.274,0.107266025007806,0.0175526222740046,0.8613786856687455,0.03,189.56326707491783,8.017,2634.9930433457644
w797,H05,50,2024,august,B_nearsurface,year_month_station,1,HaiSec_52,2024-08-06 20:14:00,19.959,38.9009,216.23,0.048008,138.0,-88.0,True,Summer,G_H05,summer,True,0.2449999999999974,0.1459487118712639,0.0126488883621762,0.8497458335615811,0.07,232.010145656464,7.973,2583.406959225259
w798,H05,140,2024,august,C_DCM,year_month_station,1,HaiSec_52,2024-08-06 20:14:00,18.2393,39.2221,197.875,0.091355,138.0,2.0,True,Summer,G_H05,summer,True,0.0109999999999956,0.0972330866691979,0.0097233086669197,0.8297223395771559,0.25,216.61852417366163,7.966666666666668,2612.017239619539
w799,H05,180,2024,august,D_below_DCM,year_month_station,1,HaiSec_52,2024-08-06 20:14:00,17.3538,39.1629,190.323,0.055094,138.0,42.0,True,Summer,G_H05,summer,True,0.6310000000000002,0.7096749105615181,0.0194431482345621,0.8879037693783378,0.08,206.65053936127364,7.940666666666666,2612.2444419167714
w800,H05,375,2024,august,F_300-600,year_month_station,1,HaiSec_52,2024-08-06 20:14:00,14.8943,38.9922,165.679,0.02718,138.0,237.0,True,Summer,G_H05,summer,True,0.0375000000000227,5.130737109095894,0.1729680313293691,4.823022446618552,0.01,181.44316068394704,7.906666666666666,2613.764799818743
w801,H05,550,2024,august,F_300-600,year_month_station,1,HaiSec_52,2024-08-06 20:14:00,14.0872,38.8366,156.448,0.027038,138.0,412.0,True,Summer,G_H05,summer,True,0.0460000000000491,6.413026917611649,0.2487477107437246,7.698871203617621,,173.56964284458962,7.911,2611.920445930921
w802,H05,800,2024,august,G_below_600,year_month_station,1,HaiSec_52,2024-08-06 20:14:00,13.836,38.775,158.472,0.026203,138.0,662.0,True,Summer,G_H05,summer,True,0.1124999999999545,6.053423453877432,0.2399992926336638,8.923050623559297,,169.9907701181801,7.926666666666667,2608.43647310193
w803,H05,1000,2024,august,G_below_600,year_month_station,1,HaiSec_52,2024-08-06 20:14:00,13.7815,38.7574,161.193,0.027289,138.0,862.0,True,Summer,G_H05,summer,True,0.3980000000000245,5.664735862986072,0.2244517983447311,9.059043001013174,,176.97139436205677,7.94,2600.9068368653016
w804,H05,1200,2024,august,G_below_600,year_month_station,1,HaiSec_52,2024-08-06 20:14:00,13.7832,38.7548,163.423,0.025832,138.0,1062.0,True,Summer,G_H05,summer,True,0.0760000000000218,5.392650022066141,0.2069611630090248,9.127019676986416,,188.08934693541488,7.928666666666667,2600.08061819384
w805,H06,1350,2024,august,G_below_600,year_month_station,1,HaiSec_52,2024-08-07 01:57:00,13.8035,38.7551,163.866,0.025183,117.0,1233.0,True,Summer,H_H06,summer,False,99.51250000000005,,,,,,,
w806,H06,1468,2024,august,H_near_bottom,year_month_station,1,HaiSec_52,2024-08-07 01:57:00,13.8177,38.7571,164.778,0.027442,117.0,1351.0,True,Summer,H_H06,summer,False,80.44849999999997,,,,,,,
w807,H06,180,2024,august,D_below_DCM,year_month_station,1,HaiSec_52,2024-08-07 01:57:00,17.2567,39.1624,189.561,0.050221,117.0,63.0,True,Summer,H_H06,summer,True,1.2280000000000086,0.5930043183352172,0.0097213822677904,0.9656573052671844,0.16,213.79676907359524,7.942,2612.156819073362
w808,H06,375,2024,august,F_300-600,year_month_station,1,HaiSec_52,2024-08-07 01:57:00,14.8938,38.9959,166.825,0.028627,117.0,258.0,True,Summer,H_H06,summer,True,0.7384999999999877,5.023828689968163,0.169080501364499,4.6480942424914975,,,7.9055,2609.889296514212
w809,H06,550,2024,august,F_300-600,year_month_station,1,HaiSec_52,2024-08-07 01:57:00,14.1713,38.8579,158.093,0.027738,117.0,433.0,True,Summer,H_H06,summer,True,0.0930000000000745,6.121536400695951,0.2380597489159536,7.378232762320304,,,7.910333333333334,2605.0305333652764
w810,H06,800,2024,august,G_below_600,year_month_station,1,HaiSec_52,2024-08-07 01:57:00,13.857,38.7802,158.213,0.02788,117.0,683.0,True,Summer,H_H06,summer,True,0.1884999999999763,6.063143559207131,0.2477726935252914,8.78702375861589,,,7.922,2604.369070543072
w811,H06,1,2024,august,A_surface,year_month_station,1,HaiSec_52,2024-08-07 01:57:00,29.319,39.521,171.998,0.035705,117.0,-116.0,True,Summer,H_H06,summer,True,1.479,,,,0.02,,8.019,2622.39750582467
w812,H06,55,2024,august,B_nearsurface,year_month_station,1,HaiSec_52,2024-08-07 01:57:00,19.923,38.893,210.347,0.047173,117.0,-62.0,True,Summer,H_H06,summer,True,0.3125,0.0,0.0038919149067832,0.8010858183128933,0.07,241.8042710547107,7.974333333333333,2591.838644823953
w813,H06,115,2024,august,C_DCM,year_month_station,1,HaiSec_52,2024-08-07 01:57:00,18.3797,39.1206,201.973,0.090118,117.0,-2.0,True,Summer,H_H06,summer,True,0.207499999999996,0.116692797749696,0.0106968397937221,0.8006422512270815,0.19,220.63692479347208,7.966,2606.0291994543754
w814,H06,160,2024,august,D_below_DCM,year_month_station,1,HaiSec_52,2024-08-07 01:57:00,17.6923,39.1747,192.448,0.05952,117.0,43.0,True,Summer,H_H06,summer,True,0.3974999999999795,0.3888932099245548,0.0194446604962277,0.8685281688315057,0.13,216.05264999727385,7.941333333333334,2611.853257483486
w815,H06,1000,2024,august,G_below_600,year_month_station,1,HaiSec_52,2024-08-07 01:57:00,13.8014,38.7612,160.325,0.027455,117.0,883.0,True,Summer,H_H06,summer,True,0.3959999999999581,5.703608625566353,0.2331969455086754,9.088203181907543,,,7.928999999999999,2598.8723996888425
w816,H06,1550,2024,august,G_below_600,year_month_station,1,HaiSec_52,2024-08-07 01:57:00,13.8292,38.7586,165.204,0.027663,117.0,1433.0,True,Summer,H_H06,summer,True,1.5515000000000327,5.071980340149155,0.2108466923012196,9.282436561218056,,,7.929666666666667,2603.099368898398
w817,H06,1737,2024,august,H_near_bottom,year_month_station,1,HaiSec_52,2024-08-07 01:57:00,13.8601,38.7606,164.594,0.030862,117.0,1620.0,True,Summer,H_H06,summer,True,0.121499999999969,5.15942125868114,0.2021016236922179,9.525334539724565,,188.68300572987343,7.927333333333333,2608.261432793434
w967,H15,1,2026,may,B_nearsurface,year_month_station,0,,,,,,,,,False,A_Winter,A_H15,a_winter,False,,,,,,,,
w968,H15,15,2026,may,A_surface,year_month_station,0,,,,,,,,,False,A_Winter,A_H15,a_winter,False,,,,,,,,
w969,H25,1,2026,may,B_nearsurface,year_month_station,0,,,,,,,,,False,A_Winter,B_H25,a_winter,False,,,,,,,,
w970,H25,25,2026,may,A_surface,year_month_station,0,,,,,,,,,False,A_Winter,B_H25,a_winter,False,,,,,,,,
w971,H01,1,2026,may,A_surface,year_month_station,0,,,,,,,,,False,A_Winter,C_H01,a_winter,False,,,,,,,,
w972,H01,20,2026,may,B_nearsurface,year_month_station,0,,,,,,,,,False,A_Winter,C_H01,a_winter,False,,,,,,,,
w973,H01,35,2026,may,B_nearsurface,year_month_station,0,,,,,,,,,False,A_Winter,C_H01,a_winter,False,,,,,,,,
w974,H01,50,2026,may,B_nearsurface,year_month_station,0,,,,,,,,,False,A_Winter,C_H01,a_winter,False,,,,,,,,
w975,H02,1,2026,may,A_surface,year_month_station,0,,,,,,,,,False,A_Winter,D_H02,a_winter,False,,,,,,,,
w976,H02,40,2026,may,B_nearsurface,year_month_station,0,,,,,,,,,False,A_Winter,D_H02,a_winter,False,,,,,,,,
w977,H02,85,2026,may,C_DCM,year_month_station,0,,,,,,,,,False,A_Winter,D_H02,a_winter,False,,,,,,,,
w978,H02,150,2026,may,D_below_DCM,year_month_station,0,,,,,,,,,False,A_Winter,D_H02,a_winter,False,,,,,,,,
w979,H02,220,2026,may,D_below_DCM,year_month_station,0,,,,,,,,,False,A_Winter,D_H02,a_winter,False,,,,,,,,
w980,H02,300,2026,may,F_300-600,year_month_station,0,,,,,,,,,False,A_Winter,D_H02,a_winter,False,,,,,,,,
w981,H03,1,2026,may,A_surface,year_month_station,0,,,,,,,,,False,A_Winter,E_H03,a_winter,False,,,,,,,,
w982,H03,40,2026,may,B_nearsurface,year_month_station,0,,,,,,,,,False,A_Winter,E_H03,a_winter,False,,,,,,,,
w983,H03,85,2026,may,C_DCM,year_month_station,0,,,,,,,,,False,A_Winter,E_H03,a_winter,False,,,,,,,,
w984,H03,200,2026,may,D_below_DCM,year_month_station,0,,,,,,,,,False,A_Winter,E_H03,a_winter,False,,,,,,,,
w985,H03,240,2026,may,D_below_DCM,year_month_station,0,,,,,,,,,False,A_Winter,E_H03,a_winter,False,,,,,,,,
w986,H03,375,2026,may,F_300-600,year_month_station,0,,,,,,,,,False,A_Winter,E_H03,a_winter,False,,,,,,,,
w987,H03,600,2026,may,H_near_bottom,year_month_station,0,,,,,,,,,False,A_Winter,E_H03,a_winter,False,,,,,,,,
w988,H04,1,2026,may,A_surface,year_month_station,0,,,,,,,,,False,A_Winter,F_H04,a_winter,False,,,,,,,,
w990,H04,85,2026,may,C_DCM,year_month_station,0,,,,,,,,,False,A_Winter,F_H04,a_winter,False,,,,,,,,
w991,H04,180,2026,may,D_below_DCM,year_month_station,0,,,,,,,,,False,A_Winter,F_H04,a_winter,False,,,,,,,,
w992,H04,240,2026,may,D_below_DCM,year_month_station,0,,,,,,,,,False,A_Winter,F_H04,a_winter,False,,,,,,,,
w993,H04,375,2026,may,F_300-600,year_month_station,0,,,,,,,,,False,A_Winter,F_H04,a_winter,False,,,,,,,,
w994,H04,550,2026,may,F_300-600,year_month_station,0,,,,,,,,,False,A_Winter,F_H04,a_winter,False,,,,,,,,
w995,H04,800,2026,may,G_below_600,year_month_station,0,,,,,,,,,False,A_Winter,F_H04,a_winter,False,,,,,,,,
w996,H04,1100,2026,may,H_near_bottom,year_month_station,0,,,,,,,,,False,A_Winter,F_H04,a_winter,False,,,,,,,,
w998,H05,40,2026,may,B_nearsurface,year_month_station,0,,,,,,,,,False,A_Winter,G_H05,a_winter,False,,,,,,,,
