sample-id,station,year,season,month,time ,depth,waterdepth,s_name,select,ds,ds2,ds3,seep,lib,hz,hz2
aP1,A_H15,2019,A_Winter,march,t,1,20,2019_march_A_H15_1_m,a,shallow,A_surface,A_surface,b,aP1,b,b
aP10,D_H02,2019,A_Winter,march,t,70,360,2019_march_E_H02_70_m,a,shallow,B_nearsurface,B_nearsurface,b,aP10,a,b
aP11,D_H02,2019,A_Winter,march,t,130,360,2019_march_E_H02_130_m,a,shallow,C_DCM,C_DCM,b,aP11,a,b
aP12,D_H02,2019,A_Winter,march,t,180,360,2019_march_E_H02_180_m,a,shallow,D_below_DCM,D_below_DCM,b,aP12,a,b
aP13,D_H02,2019,A_Winter,march,t,357,360,2019_march_E_H02_357_m,a,deep,F_300-600,F_300-600,b,aP13,a,b
aP15,H_H06,2019,A_Winter,march,t,70,1750,2019_march_I_H06_70_m,a,shallow,B_nearsurface,B_nearsurface,b,aP15,b,b
aP16,H_H06,2019,A_Winter,march,t,110,1750,2019_march_I_H06_110_m,a,shallow,C_DCM,C_DCM,b,aP16,b,b
aP17,H_H06,2019,A_Winter,march,t,240,1750,2019_march_I_H06_240_m,a,shallow,D_below_DCM,D_below_DCM,b,aP17,b,b
aP18,H_H06,2019,A_Winter,march,t,500,1750,2019_march_I_H06_500_m,a,deep,F_300-600,F_300-600,b,aP18,b,b
aP19,H_H06,2019,A_Winter,march,t,1743,1750,2019_march_I_H06_1743_m,a,deep,H_near_bottom,G_below_600,b,aP19,b,b
aP2,A_H15,2019,A_Winter,march,t,16,20,2019_march_B_H15_16_m,a,shallow,B_nearsurface,B_nearsurface,b,aP2,b,b
aP21,H_H06,2019,A_Winter,march,t,1500,1750,2019_march_I_H06_1500_m,a,deep,G_below_600,G_below_600,b,aP21,b,b
aP22,G_H05,2019,A_Winter,march,t,1,1500,2019_march_H_H05_1_m,a,shallow,A_surface,A_surface,b,aP22,b,b
aP23,G_H05,2019,A_Winter,march,t,70,1500,2019_march_H_H05_70_m,a,shallow,B_nearsurface,B_nearsurface,b,aP23,b,b
aP24,G_H05,2019,A_Winter,march,t,170,1500,2019_march_H_H05_170_m,a,shallow,D_below_DCM,D_below_DCM,b,aP24,b,b
aP25,G_H05,2019,A_Winter,march,t,250,1500,2019_march_H_H05_250_m,a,shallow,D_below_DCM,D_below_DCM,b,aP25,b,b
aP26,G_H05,2019,A_Winter,march,t,375,1500,2019_march_H_H05_375_m,a,deep,F_300-600,F_300-600,b,aP26,b,b
aP27,G_H05,2019,A_Winter,march,t,550,1500,2019_march_H_H05_550_m,a,deep,F_300-600,F_300-600,b,aP27,b,b
aP28,G_H05,2019,A_Winter,march,t,800,1500,2019_march_H_H05_800_m,a,deep,G_below_600,G_below_600,b,aP28,b,b
aP29,G_H05,2019,A_Winter,march,t,1000,1500,2019_march_H_H05_1000_m,a,deep,G_below_600,G_below_600,b,aP29,b,b
aP30,G_H05,2019,A_Winter,march,t,1250,1500,2019_march_H_H05_1250_m,a,deep,G_below_600,G_below_600,b,aP30,b,b
aP31,G_H05,2019,A_Winter,march,t,1480,1500,2019_march_H_H05_1480_m,a,deep,H_near_bottom,G_below_600,b,aP31,b,b
aP32,F_H04,2019,A_Winter,march,t,1,1170,2019_march_G_H04_1_m,a,shallow,A_surface,A_surface,b,aP32,b,b
aP33,F_H04,2019,A_Winter,march,t,75,1170,2019_march_G_H04_75_m,a,shallow,B_nearsurface,B_nearsurface,b,aP33,b,b
aP34,F_H04,2019,A_Winter,march,t,130,1170,2019_march_G_H04_130_m,a,shallow,C_DCM,C_DCM,b,aP34,b,b
aP35,F_H04,2019,A_Winter,march,t,250,1170,2019_march_G_H04_250_m,a,shallow,D_below_DCM,D_below_DCM,b,aP35,b,b
aP36,F_H04,2019,A_Winter,march,t,375,1170,2019_march_G_H04_375_m,a,deep,F_300-600,F_300-600,b,aP36,b,b
aP37,F_H04,2019,A_Winter,march,t,550,1170,2019_march_G_H04_550_m,a,deep,F_300-600,F_300-600,b,aP37,b,b
aP38,F_H04,2019,A_Winter,march,t,800,1170,2019_march_G_H04_800_m,a,deep,G_below_600,G_below_600,b,aP38,b,b
aP39,F_H04,2019,A_Winter,march,t,1150,1170,2019_march_G_H04_1150_m,a,deep,H_near_bottom,G_below_600,b,aP39,b,b
aP4,B_H25,2019,A_Winter,march,t,24,25,2019_march_C_H25_24_m,a,shallow,B_nearsurface,B_nearsurface,b,aP4,b,b
aP40,E_H03,2019,A_Winter,march,t,1,580,2019_march_F_H03_1_m,a,shallow,A_surface,A_surface,b,aP40,a,b
aP41,E_H03,2019,A_Winter,march,t,70,580,2019_march_F_H03_70_m,a,shallow,B_nearsurface,B_nearsurface,b,aP41,a,b
aP42,E_H03,2019,A_Winter,march,t,170,580,2019_march_F_H03_170_m,a,shallow,D_below_DCM,D_below_DCM,b,aP42,a,b
aP43,E_H03,2019,A_Winter,march,t,300,580,2019_march_F_H03_300_m,a,deep,F_300-600,F_300-600,b,aP43,a,b
aP44,E_H03,2019,A_Winter,march,t,420,580,2019_march_F_H03_420_m,a,deep,F_300-600,F_300-600,b,aP44,a,b
aP45,E_H03,2019,A_Winter,march,t,570,580,2019_march_F_H03_570_m,a,deep,F_300-600,F_300-600,b,aP45,a,b
aP5,C_H01,2019,A_Winter,march,t,1,55,2019_march_D_H01_1_m,a,shallow,A_surface,A_surface,b,aP5,a,b
aP6,C_H01,2019,A_Winter,march,t,20,55,2019_march_D_H01_20_m,a,shallow,B_nearsurface,B_nearsurface,b,aP6,a,b
aP7,C_H01,2019,A_Winter,march,t,35,55,2019_march_D_H01_35_m,a,shallow,B_nearsurface,B_nearsurface,b,aP7,a,b
aP8,C_H01,2019,A_Winter,march,t,50,55,2019_march_D_H01_50_m,a,shallow,B_nearsurface,B_nearsurface,b,aP8,a,b
aP9,D_H02,2019,A_Winter,march,t,1,360,2019_march_E_H02_1_m,a,shallow,A_surface,A_surface,b,aP9,a,b
HS53_1,A_H15,2025,A_Winter,march,t,1,15,2025_march_A_H15_1,a,shallow,B_nearsurface,B_nearsurface,b,HS53_1,b,b
HS53_10,D_H02,2025,A_Winter,march,t,70,330,2025_march_D_H02_70,a,shallow,B_nearsurface,B_nearsurface,b,HS53_10,a,b
HS53_11,D_H02,2025,A_Winter,march,t,140,330,2025_march_D_H02_140,a,shallow,C_DCM,C_DCM,b,HS53_11,a,b
HS53_13,D_H02,2025,A_Winter,march,t,249,330,2025_march_D_H02_249,a,shallow,D_below_DCM,D_below_DCM,b,HS53_13,a,b
HS53_14,D_H02,2025,A_Winter,march,t,325,330,2025_march_D_H02_325,a,deep,F_300-600,F_300-600,b,HS53_14,a,b
HS53_15,E_H03,2025,A_Winter,march,t,1,690,2025_march_E_H03_1,a,shallow,A_surface,A_surface,b,HS53_15,a,b
HS53_16,E_H03,2025,A_Winter,march,t,80,690,2025_march_E_H03_80,a,shallow,B_nearsurface,B_nearsurface,b,HS53_16,a,b
HS53_17,E_H03,2025,A_Winter,march,t,180,690,2025_march_E_H03_180,a,shallow,C_DCM,C_DCM,b,HS53_17,a,b
HS53_18,E_H03,2025,A_Winter,march,t,240,690,2025_march_E_H03_240,a,shallow,D_below_DCM,D_below_DCM,b,HS53_18,a,b
HS53_19,E_H03,2025,A_Winter,march,t,375,690,2025_march_E_H03_375,a,deep,F_300-600,F_300-600,b,HS53_19,a,b
HS53_2,A_H15,2025,A_Winter,march,t,15,15,2025_march_A_H15_15,a,shallow,A_surface,A_surface,b,HS53_2,b,b
HS53_20,E_H03,2025,A_Winter,march,t,685,690,2025_march_E_H03_685,a,deep,H_near_bottom,G_below_600,b,HS53_20,a,b
HS53_21,F_H04,2025,A_Winter,march,t,1,1125,2025_march_F_H04_1,a,shallow,A_surface,A_surface,b,HS53_21,b,b
HS53_22,F_H04,2025,A_Winter,march,t,90,1125,2025_march_F_H04_90,a,shallow,B_nearsurface,B_nearsurface,b,HS53_22,b,b
HS53_23,F_H04,2025,A_Winter,march,t,120,1125,2025_march_F_H04_120,a,shallow,C_DCM,C_DCM,b,HS53_23,b,b
HS53_24,F_H04,2025,A_Winter,march,t,180,1125,2025_march_F_H04_180,a,shallow,D_below_DCM,D_below_DCM,b,HS53_24,b,b
HS53_25,F_H04,2025,A_Winter,march,t,240,1125,2025_march_F_H04_240,a,shallow,D_below_DCM,D_below_DCM,b,HS53_25,b,b
HS53_26,F_H04,2025,A_Winter,march,t,375,1125,2025_march_F_H04_375,a,deep,F_300-600,F_300-600,b,HS53_26,b,b
HS53_27,F_H04,2025,A_Winter,march,t,550,1125,2025_march_F_H04_550,a,deep,F_300-600,F_300-600,b,HS53_27,b,b
HS53_28,F_H04,2025,A_Winter,march,t,800,1125,2025_march_F_H04_800,a,deep,G_below_600,G_below_600,b,HS53_28,b,b
HS53_29,F_H04,2025,A_Winter,march,t,1120,1125,2025_march_F_H04_1120,a,deep,H_near_bottom,G_below_600,b,HS53_29,b,b
HS53_3,B_H25,2025,A_Winter,march,t,1,25,2025_march_B_H25_1,a,shallow,B_nearsurface,B_nearsurface,b,HS53_3,a,b
HS53_30,G_H05,2025,A_Winter,march,t,1,1465,2025_march_G_H05_1,a,shallow,A_surface,A_surface,b,HS53_30,b,b
HS53_31,G_H05,2025,A_Winter,march,t,90,1465,2025_march_G_H05_90,a,shallow,B_nearsurface,B_nearsurface,b,HS53_31,b,b
HS53_32,G_H05,2025,A_Winter,march,t,140,1465,2025_march_G_H05_140,a,shallow,C_DCM,C_DCM,b,HS53_32,b,b
HS53_33,G_H05,2025,A_Winter,march,t,180,1465,2025_march_G_H05_180,a,shallow,D_below_DCM,D_below_DCM,b,HS53_33,b,b
HS53_34,G_H05,2025,A_Winter,march,t,240,1465,2025_march_G_H05_240,a,shallow,D_below_DCM,D_below_DCM,b,HS53_34,b,b
HS53_35,G_H05,2025,A_Winter,march,t,375,1465,2025_march_G_H05_375,a,deep,F_300-600,F_300-600,b,HS53_35,b,b
HS53_36,G_H05,2025,A_Winter,march,t,550,1465,2025_march_G_H05_550,a,deep,F_300-600,F_300-600,b,HS53_36,b,b
HS53_37,G_H05,2025,A_Winter,march,t,800,1465,2025_march_G_H05_800,a,deep,G_below_600,G_below_600,b,HS53_37,b,b
HS53_38,G_H05,2025,A_Winter,march,t,1000,1465,2025_march_G_H05_1000,a,deep,G_below_600,G_below_600,b,HS53_38,b,b
HS53_39,G_H05,2025,A_Winter,march,t,1250,1465,2025_march_G_H05_1250,a,deep,G_below_600,G_below_600,b,HS53_39,b,b
HS53_4,B_H25,2025,A_Winter,march,t,25,25,2025_march_B_H25_25,a,shallow,A_surface,A_surface,b,HS53_4,a,b
HS53_40,G_H05,2025,A_Winter,march,t,1460,1465,2025_march_G_H05_1460,a,deep,H_near_bottom,G_below_600,b,HS53_40,b,b
HS53_41,H_H06,2025,A_Winter,march,t,1,1740,2025_march_H_H06_1,a,shallow,A_surface,A_surface,b,HS53_41,b,b
HS53_42,H_H06,2025,A_Winter,march,t,50,1740,2025_march_H_H06_50,a,shallow,B_nearsurface,B_nearsurface,b,HS53_42,b,b
HS53_43,H_H06,2025,A_Winter,march,t,110,1740,2025_march_H_H06_110,a,shallow,C_DCM,C_DCM,b,HS53_43,b,b
HS53_44,H_H06,2025,A_Winter,march,t,180,1740,2025_march_H_H06_180,a,shallow,D_below_DCM,D_below_DCM,b,HS53_44,b,b
HS53_45,H_H06,2025,A_Winter,march,t,240,1740,2025_march_H_H06_240,a,deep,D_below_DCM,D_below_DCM,b,HS53_45,b,b
HS53_46,H_H06,2025,A_Winter,march,t,375,1740,2025_march_H_H06_375,a,deep,F_300-600,F_300-600,b,HS53_46,b,b
HS53_47,H_H06,2025,A_Winter,march,t,550,1740,2025_march_H_H06_550,a,deep,F_300-600,F_300-600,b,HS53_47,b,b
HS53_48,H_H06,2025,A_Winter,march,t,800,1740,2025_march_H_H06_800,a,deep,G_below_600,G_below_600,b,HS53_48,b,b
HS53_49,H_H06,2025,A_Winter,march,t,1000,1740,2025_march_H_H06_1000,a,deep,G_below_600,G_below_600,b,HS53_49,b,b
HS53_5,C_H01,2025,A_Winter,march,t,1,55,2025_march_C_H01_1,a,shallow,A_surface,A_surface,b,HS53_5,a,b
HS53_50,H_H06,2025,A_Winter,march,t,1250,1740,2025_march_H_H06_1250,a,deep,G_below_600,G_below_600,b,HS53_50,b,b
HS53_51,H_H06,2025,A_Winter,march,t,1500,1740,2025_march_H_H06_1500,a,deep,G_below_600,G_below_600,b,HS53_51,b,b
HS53_52,H_H06,2025,A_Winter,march,t,1736,1740,2025_march_H_H06_1736,a,deep,H_near_bottom,G_below_600,b,HS53_52,b,b
HS53_6,C_H01,2025,A_Winter,march,t,20,55,2025_march_C_H01_20,a,shallow,B_nearsurface,B_nearsurface,b,HS53_6,a,b
HS53_7,C_H01,2025,A_Winter,march,t,35,55,2025_march_C_H01_35,a,shallow,B_nearsurface,B_nearsurface,b,HS53_7,a,b
HS53_8,C_H01,2025,A_Winter,march,t,53,55,2025_march_C_H01_53,a,shallow,B_nearsurface,B_nearsurface,b,HS53_8,a,b
HS53_9,D_H02,2025,A_Winter,march,t,1,330,2025_march_D_H02_1,a,shallow,A_surface,A_surface,b,HS53_9,a,b
HS54_1,A_H15,2025,Summer,august,t,1,15,2025_august_A_H15_1,a,shallow,B_nearsurface,B_nearsurface,b,HS54_1,c,b
HS54_10,H_H06,2025,Summer,august,t,375,1740,2025_august_H_H06_375,a,deep,F_300-600,F_300-600,b,HS54_10,c,b
HS54_11,H_H06,2025,Summer,august,t,1500,1740,2025_august_H_H06_1500,a,deep,G_below_600,G_below_600,b,HS54_13,c,b
HS54_12,H_H06,2025,Summer,august,t,1250,1740,2025_august_H_H06_1250,a,deep,G_below_600,G_below_600,b,HS54_12,c,b
HS54_13,H_H06,2025,Summer,august,t,550,1740,2025_august_H_H06_550,a,deep,F_300-600,F_300-600,b,HS54_11,c,b
HS54_14,H_H06,2025,Summer,august,t,1736,1740,2025_august_H_H06_1736,a,deep,H_near_bottom,G_below_600,b,HS54_14,c,b
HS54_15,G_H05,2025,Summer,august,t,1,1465,2025_august_G_H05_1,a,shallow,A_surface,A_surface,b,HS54_15,c,b
HS54_16,G_H05,2025,Summer,august,t,60,1465,2025_august_G_H05_60,a,shallow,B_nearsurface,B_nearsurface,b,HS54_16,c,b
HS54_18,G_H05,2025,Summer,august,t,160,1465,2025_august_G_H05_160,a,shallow,D_below_DCM,D_below_DCM,b,HS54_18,c,b
HS54_19,G_H05,2025,Summer,august,t,240,1465,2025_august_G_H05_240,a,shallow,D_below_DCM,D_below_DCM,b,HS54_19,c,b
HS54_2,A_H15,2025,Summer,august,t,15,15,2025_august_A_H15_15,a,shallow,A_surface,A_surface,b,HS54_2,c,b
HS54_20,G_H05,2025,Summer,august,t,375,1465,2025_august_G_H05_375,a,deep,F_300-600,F_300-600,b,HS54_20,c,b
HS54_21,G_H05,2025,Summer,august,t,550,1465,2025_august_G_H05_550,a,deep,F_300-600,F_300-600,b,HS54_21,c,b
HS54_22,G_H05,2025,Summer,august,t,800,1465,2025_august_G_H05_800,a,deep,G_below_600,G_below_600,b,HS54_22,c,b
HS54_23,G_H05,2025,Summer,august,t,1000,1465,2025_august_G_H05_1000,a,deep,G_below_600,G_below_600,b,HS54_23,c,b
HS54_24,G_H05,2025,Summer,august,t,1467,1465,2025_august_G_H05_1467,a,deep,H_near_bottom,G_below_600,b,HS54_24,c,b
HS54_25,F_H04,2025,Summer,august,t,1,1125,2025_august_F_H04_1,a,shallow,A_surface,A_surface,b,HS54_25,c,b
HS54_27,F_H04,2025,Summer,august,t,115,1125,2025_august_F_H04_115,a,shallow,C_DCM,C_DCM,b,HS54_27,c,b
HS54_28,F_H04,2025,Summer,august,t,150,1125,2025_august_F_H04_150,a,shallow,D_below_DCM,D_below_DCM,b,HS54_28,c,b
HS54_29,F_H04,2025,Summer,august,t,240,1125,2025_august_F_H04_240,a,shallow,D_below_DCM,D_below_DCM,b,HS54_29,c,b
HS54_3,B_H25,2025,Summer,august,t,1,25,2025_august_B_H25_1,a,shallow,B_nearsurface,B_nearsurface,b,HS54_3,c,b
HS54_30,F_H04,2025,Summer,august,t,375,1125,2025_august_F_H04_375,a,deep,F_300-600,F_300-600,b,HS54_30,c,b
HS54_31,F_H04,2025,Summer,august,t,550,1125,2025_august_F_H04_550,a,deep,F_300-600,F_300-600,b,HS54_31,c,b
HS54_32,F_H04,2025,Summer,august,t,800,1125,2025_august_F_H04_800,a,deep,G_below_600,G_below_600,b,HS54_32,c,b
HS54_33,F_H04,2025,Summer,august,t,1118,1125,2025_august_F_H04_1118,a,deep,H_near_bottom,G_below_600,b,HS54_33,c,b
HS54_34,E_H03,2025,Summer,august,t,1,610,2025_august_E_H03_1,a,shallow,A_surface,A_surface,b,HS54_34,c,b
HS54_35,E_H03,2025,Summer,august,t,50,610,2025_august_E_H03_50,a,shallow,B_nearsurface,B_nearsurface,b,HS54_35,c,b
HS54_36,E_H03,2025,Summer,august,t,120,610,2025_august_E_H03_120,a,shallow,C_DCM,C_DCM,b,HS54_36,c,b
HS54_37,E_H03,2025,Summer,august,t,160,610,2025_august_E_H03_160,a,shallow,D_below_DCM,D_below_DCM,b,HS54_37,c,b
HS54_38,E_H03,2025,Summer,august,t,240,610,2026_august_E_H03_240,a,shallow,D_below_DCM,D_below_DCM,b,HS54_38,c,b
HS54_39,E_H03,2025,Summer,august,t,375,610,2025_august_E_H03_375,a,deep,F_300-600,F_300-600,b,HS54_39,c,b
HS54_4,B_H25,2025,Summer,august,t,25,25,2025_august_B_H25_25,a,shallow,A_surface,A_surface,b,HS54_4,c,b
HS54_40,E_H03,2025,Summer,august,t,600,610,2025_august_E_H03_600,a,deep,H_near_bottom,G_below_600,b,HS54_40,c,b
HS54_41,D_H02,2025,Summer,august,t,1,350,2025_august_D_H02_1,a,shallow,A_surface,A_surface,b,HS54_41,c,b
HS54_42,D_H02,2025,Summer,august,t,50,350,2025_august_D_H02_50,a,shallow,B_nearsurface,B_nearsurface,b,HS54_42,c,b
HS54_43,D_H02,2025,Summer,august,t,90,350,2025_august_D_H02_90,a,shallow,C_DCM,C_DCM,b,HS54_43,c,b
HS54_44,D_H02,2025,Summer,august,t,140,350,2025_august_D_H02_140,a,shallow,D_below_DCM,D_below_DCM,b,HS54_44,c,b
HS54_45,D_H02,2025,Summer,august,t,240,350,2025_august_D_H02_240,a,shallow,D_below_DCM,D_below_DCM,b,HS54_45,c,b
HS54_46,C_H01,2025,Summer,august,t,50,55,2025_august_C_H01_50,a,shallow,B_nearsurface,B_nearsurface,b,HS54_50,c,b
HS54_47,C_H01,2025,Summer,august,t,1,55,2025_august_C_H01_1,a,shallow,A_surface,A_surface,b,HS54_47,c,b
HS54_48,C_H01,2025,Summer,august,t,20,55,2025_august_C_H01_20,a,shallow,B_nearsurface,B_nearsurface,b,HS54_48,c,b
HS54_49,C_H01,2025,Summer,august,t,35,55,2025_august_C_H01_35,a,shallow,B_nearsurface,B_nearsurface,b,HS54_49,c,b
HS54_5,H_H06,2025,Summer,august,t,1,1740,2025_august_H_H06_1,a,shallow,A_surface,A_surface,b,HS54_5,c,b
HS54_50,D_H02,2025,Summer,august,t,340,350,2025_august_D_H02_340,a,deep,F_300-600,F_300-600,b,HS54_46,c,b
HS54_6,H_H06,2025,Summer,august,t,50,1740,2025_august_H_H06_50,a,shallow,B_nearsurface,B_nearsurface,b,HS54_6,c,b
HS54_7,H_H06,2025,Summer,august,t,110,1740,2025_august_H_H06_110,a,shallow,C_DCM,C_DCM,b,HS54_7,c,b
HS54_8,H_H06,2025,Summer,august,t,205,1740,2025_august_H_H06_205,a,shallow,D_below_DCM,D_below_DCM,b,HS54_8,c,b
HS54_9,H_H06,2025,Summer,august,t,240,1740,2025_august_H_H06_240,a,deep,D_below_DCM,D_below_DCM,b,HS54_9,c,b
M1,M_g18c,2018,Summer,august,t,1,700,2018_august_M_g18c_1_m,a,shallow,A_surface,A_surface,b,M1,b,b
M10,K_g18,2018,Summer,august,t,60,160,2018_august_K_g18_60_m,a,shallow,B_nearsurface,B_nearsurface,b,M10,b,b
M11,K_g18,2018,Summer,august,t,120,160,2018_august_K_g18_120_m,a,shallow,C_DCM,C_DCM,b,M11,b,b
M12,K_g18,2018,Summer,august,t,160,160,2018_august_K_g18_160_m,a,shallow,D_below_DCM,D_below_DCM,b,M12,b,b
M13,N_s301,2018,Summer,august,t,1,200,2018_august_N_s301_1_m,a,shallow,A_surface,A_surface,b,M13,b,b
M14,N_s301,2018,Summer,august,t,50,200,2018_august_N_s301_50_m,a,shallow,B_nearsurface,B_nearsurface,b,M14,b,b
M15,N_s301,2018,Summer,august,t,110,200,2018_august_N_s301_110_m,a,shallow,C_DCM,C_DCM,b,M15,b,b
M16,N_s301,2018,Summer,august,t,200,200,2018_august_N_s301_200_m,a,shallow,D_below_DCM,D_below_DCM,b,M16,b,b
M17,O_s302,2018,Summer,august,t,1,384,2018_august_O_s302_1_m,a,shallow,A_surface,A_surface,b,M17,b,b
M18,O_s302,2018,Summer,august,t,140,384,2018_august_O_s302_140_m,a,shallow,C_DCM,C_DCM,b,M18,b,b
M19,O_s302,2018,Summer,august,t,250,384,2018_august_O_s302_250_m,a,shallow,D_below_DCM,D_below_DCM,b,M19,b,b
M2,M_g18c,2018,Summer,august,t,140,700,2018_august_M_g18c_140_m,a,shallow,C_DCM,C_DCM,b,M2,b,b
M20,O_s302,2018,Summer,august,t,384,384,2018_august_O_s302_384_m,a,deep,F_300-600,F_300-600,b,M20,b,b
M21,P_s303,2018,Summer,august,t,1,679,2018_august_P_s303_1_m,a,shallow,A_surface,A_surface,b,M21,b,b
M22,P_s303,2018,Summer,august,t,140,679,2018_august_P_s303_140_m,a,shallow,C_DCM,C_DCM,b,M22,b,b
M23,P_s303,2018,Summer,august,t,230,679,2018_august_P_s303_230_m,a,shallow,D_below_DCM,D_below_DCM,b,M23,b,b
M24,P_s303,2018,Summer,august,t,500,679,2018_august_P_s303_500_m,a,deep,F_300-600,F_300-600,b,M24,b,b
M25,P_s303,2018,Summer,august,t,679,679,2018_august_P_s303_679_m,a,deep,H_near_bottom,G_below_600,b,M25,b,b
M26,Q_s304,2018,Summer,august,t,1,1143,2018_august_Q_s304_1_m,a,shallow,A_surface,A_surface,b,M26,b,b
M27,Q_s304,2018,Summer,august,t,140,1143,2018_august_Q_s304_140_m,a,shallow,C_DCM,C_DCM,b,M27,b,b
M28,Q_s304,2018,Summer,august,t,600,1143,2018_august_Q_s304_600_m,a,deep,G_below_600,G_below_600,b,M28,b,b
M29,Q_s304,2018,Summer,august,t,1030,1143,2018_august_Q_s304_1030_m,a,deep,H_near_bottom,G_below_600,b,M29,b,b
M3,M_g18c,2018,Summer,august,t,500,700,2018_august_M_g18c_500_m,a,deep,F_300-600,F_300-600,b,M3,b,b
M30,G_H05,2018,Summer,august,t,300,1143,2018_august_H_H05_300_m,a,deep,F_300-600,F_300-600,b,M30,b,b
M31,Q_s304,2018,Summer,august,t,1143,1143,2018_august_Q_s304_1143_m,a,deep,H_near_bottom,G_below_600,b,M31,b,b
M32,R_s401,2018,Summer,august,t,1,187,2018_august_R_s401_1_m,a,shallow,A_surface,A_surface,b,M32,b,b
M33,R_s401,2018,Summer,august,t,50,187,2018_august_R_s401_50_m,a,shallow,B_nearsurface,B_nearsurface,b,M33,b,b
M34,R_s401,2018,Summer,august,t,110,187,2018_august_R_s401_110_m,a,shallow,C_DCM,C_DCM,b,M34,b,b
M35,R_s401,2018,Summer,august,t,187,187,2018_august_R_s401_187_m,a,shallow,D_below_DCM,D_below_DCM,b,M35,b,b
M36,S_s402,2018,Summer,august,t,1,390,2018_august_S_s402_1_m,a,shallow,A_surface,A_surface,b,M36,b,b
M37,S_s402,2018,Summer,august,t,130,390,2018_august_S_s402_130_m,a,shallow,C_DCM,C_DCM,b,M37,b,b
M39,S_s402,2018,Summer,august,t,390,390,2018_august_S_s402_390_m,a,deep,F_300-600,F_300-600,b,M39,b,b
M4,M_g18c,2018,Summer,august,t,700,700,2018_august_M_g18c_700_m,a,deep,G_below_600,G_below_600,b,M4,b,b
M40,T_s403,2018,Summer,august,t,1,707,2018_august_T_s403_1_m,a,shallow,A_surface,A_surface,b,M40,b,b
M41,T_s403,2018,Summer,august,t,135,707,2018_august_T_s403_135_m,a,shallow,C_DCM,C_DCM,b,M41,b,b
M42,T_s403,2018,Summer,august,t,500,707,2018_august_T_s403_500_m,a,deep,F_300-600,F_300-600,b,M42,b,b
M43,T_s403,2018,Summer,august,t,707,707,2018_august_T_s403_707_m,a,deep,G_below_600,G_below_600,b,M43,b,b
M44,CCC_H80,2018,Summer,august,t,1,80,2018_august_CCC_H80_1_m,a,shallow,A_surface,A_surface,b,M44,b,b
M45,CCC_H80,2018,Summer,august,t,20,80,2018_august_CCC_H80_20_m,a,shallow,B_nearsurface,B_nearsurface,b,M45,b,b
M46,CCC_H80,2018,Summer,august,t,50,80,2018_august_CCC_H80_50_m,a,shallow,B_nearsurface,B_nearsurface,b,M46,b,b
M47,CCC_H80,2018,Summer,august,t,80,80,2018_august_CCC_H80_80_m,a,shallow,C_DCM,C_DCM,b,M47,b,b
M48,BB_H35,2018,Summer,august,t,1,35,2018_august_CC_H35_1_m,a,shallow,A_surface,A_surface,b,M48,b,b
M49,BB_H35,2018,Summer,august,t,35,35,2018_august_CC_H35_35_m,a,shallow,B_nearsurface,B_nearsurface,b,M49,b,b
M5,L_g18b,2018,Summer,august,t,1,473,2018_august_L_g18b_1_m,a,shallow,A_surface,A_surface,b,M5,b,b
M50,C_H01,2018,Summer,august,t,1,53,2018_august_D_H01_1_m,a,shallow,A_surface,A_surface,b,M50,b,b
M51,C_H01,2018,Summer,august,t,20,53,2018_august_D_H01_20_m,a,shallow,B_nearsurface,B_nearsurface,b,M51,b,b
M52,C_H01,2018,Summer,august,t,53,53,2018_august_D_H01_53_m,a,shallow,B_nearsurface,B_nearsurface,b,M52,b,b
M53,D_H02,2018,Summer,august,t,1,248,2018_august_E_H02_1_m,a,shallow,A_surface,A_surface,b,M53,b,b
M54,D_H02,2018,Summer,august,t,55,248,2018_august_E_H02_55_m,a,shallow,B_nearsurface,B_nearsurface,b,M54,b,b
M55,D_H02,2018,Summer,august,t,70,248,2018_august_E_H02_70_m,a,shallow,B_nearsurface,B_nearsurface,b,M55,b,b
M56,D_H02,2018,Summer,august,t,160,248,2018_august_E_H02_160_m,a,shallow,D_below_DCM,D_below_DCM,b,M56,b,b
M58,E_H03,2018,Summer,august,t,1,568,2018_august_F_H03_1_m,a,shallow,A_surface,A_surface,b,M58,b,b
M59,E_H03,2018,Summer,august,t,60,568,2018_august_F_H03_60_m,a,shallow,B_nearsurface,B_nearsurface,b,M59,b,b
M6,L_g18b,2018,Summer,august,t,140,473,2018_august_L_g18b_140_m,a,shallow,C_DCM,C_DCM,b,M6,b,b
M60,E_H03,2018,Summer,august,t,85,568,2018_august_F_H03_85_m,a,shallow,C_DCM,C_DCM,b,M60,b,b
M61,E_H03,2018,Summer,august,t,150,568,2018_august_F_H03_150_m,a,shallow,D_below_DCM,D_below_DCM,b,M61,b,b
M62,E_H03,2018,Summer,august,t,300,568,2018_august_F_H03_300_m,a,deep,F_300-600,F_300-600,b,M62,b,b
M63,E_H03,2018,Summer,august,t,350,568,2018_august_F_H03_350_m,a,deep,F_300-600,F_300-600,b,M63,b,b
M64,E_H03,2018,Summer,august,t,568,568,2018_august_F_H03_568_m,a,deep,H_near_bottom,G_below_600,b,M64,b,b
M65,F_H04,2018,Summer,august,t,1,1100,2018_august_G_H04_1_m,a,shallow,A_surface,A_surface,b,M65,b,b
M66,F_H04,2018,Summer,august,t,90,1100,2018_august_G_H04_90_m,a,shallow,C_DCM,C_DCM,b,M66,b,b
M67,F_H04,2018,Summer,august,t,300,1100,2018_august_G_H04_300_m,a,deep,F_300-600,F_300-600,b,M67,b,b
M68,F_H04,2018,Summer,august,t,500,1100,2018_august_G_H04_500_m,a,deep,F_300-600,F_300-600,b,M68,b,b
M69,F_H04,2018,Summer,august,t,800,1100,2018_august_G_H04_800_m,a,deep,G_below_600,G_below_600,b,M69,b,b
M7,L_g18b,2018,Summer,august,t,300,473,2018_august_L_g18b_300_m,a,deep,F_300-600,F_300-600,b,M7,b,b
M70,F_H04,2018,Summer,august,t,1100,1100,2018_august_G_H04_1100_m,a,deep,H_near_bottom,G_below_600,b,M70,b,b
M71,G_H05,2018,Summer,august,t,1,1450,2018_august_H_H05_1_m,a,shallow,A_surface,A_surface,b,M71,b,b
M72,G_H05,2018,Summer,august,t,125,1450,2018_august_H_H05_125_m,a,shallow,C_DCM,C_DCM,b,M72,b,b
M73,Q_s304,2018,Summer,august,t,1133,1450,2018_august_Q_s304_1133_m,a,deep,G_below_600,G_below_600,b,M73,b,b
M74,G_H05,2018,Summer,august,t,600,1450,2018_august_H_H05_600_m,a,deep,G_below_600,G_below_600,b,M74,b,b
M75,G_H05,2018,Summer,august,t,800,1450,2018_august_H_H05_800_m,a,deep,G_below_600,G_below_600,b,M75,b,b
M76,G_H05,2018,Summer,august,t,1434,1450,2018_august_H_H05_1434_m,a,deep,H_near_bottom,G_below_600,b,M76,b,b
M77,H_H06,2018,Summer,august,t,1,1750,2018_august_I_H06_1_m,a,shallow,A_surface,A_surface,b,M77,b,b
M78,H_H06,2018,Summer,august,t,130,1750,2018_august_I_H06_130_m,a,shallow,C_DCM,C_DCM,b,M78,b,b
M79,H_H06,2018,Summer,august,t,350,1750,2018_august_I_H06_350_m,a,deep,F_300-600,F_300-600,b,M79,b,b
M8,L_g18b,2018,Summer,august,t,473,473,2018_august_L_g18b_473_m,a,deep,F_300-600,F_300-600,b,M8,b,b
M80,H_H06,2018,Summer,august,t,600,1750,2018_august_I_H06_600_m,a,deep,G_below_600,G_below_600,b,M80,b,b
M81,H_H06,2018,Summer,august,t,1200,1750,2018_august_I_H06_1200_m,a,deep,G_below_600,G_below_600,b,M81,b,b
M9,K_g18,2018,Summer,august,t,1,160,2018_august_K_g18_1_m,a,shallow,A_surface,A_surface,b,M9,b,b
P1,W_Cy,2018,A_Winter,october,t1,1,1800,2018_october_Cy_1_m,a,shallow,A_surface,A_surface,b,P1,b,b
P10,W_OE,2018,A_Winter,october,t1,1,1500,2018_october_OE_1_m,a,shallow,A_surface,A_surface,b,P10,b,b
P11,W_OE,2018,A_Winter,october,t1,60,1500,2018_october_OE_60_m,a,shallow,B_nearsurface,B_nearsurface,b,P11,b,b
P12,W_OE,2018,A_Winter,october,t1,105,1500,2018_october_OE_105_m,a,shallow,C_DCM,C_DCM,b,P12,b,b
P13,W_OE,2018,A_Winter,october,t1,135,1500,2018_october_OE_135_m,a,shallow,C_DCM,C_DCM,b,P13,b,b
P15,W_OE,2018,A_Winter,october,t1,375,1500,2018_october_OE_375_m,a,deep,F_300-600,F_300-600,b,P15,b,b
P16,W_OE,2018,A_Winter,october,t1,550,1500,2018_october_OE_550_m,a,deep,F_300-600,F_300-600,b,P16,b,b
P17,W_OE,2018,A_Winter,october,t1,1000,1500,2018_october_OE_1000_m,a,deep,G_below_600,G_below_600,b,P17,b,b
P18,W_OE,2018,A_Winter,october,t1,1490,1500,2018_october_OE_1490_m,a,deep,H_near_bottom,G_below_600,b,P18,b,b
P19,W_Acy,2018,A_Winter,october,t1,1,1050,2018_october_Acy_1_m,a,shallow,A_surface,A_surface,b,P19,b,b
P2,W_Cy,2018,A_Winter,october,t1,40,1800,2018_october_Cy_40_m,a,shallow,B_nearsurface,B_nearsurface,b,P2,b,b
P20,W_Acy,2018,A_Winter,october,t1,60,1050,2018_october_Acy_60_m,a,shallow,B_nearsurface,B_nearsurface,b,P20,b,b
P21,W_Acy,2018,A_Winter,october,t1,125,1050,2018_october_Acy_125_m,a,shallow,C_DCM,C_DCM,b,P21,b,b
P22,W_Acy,2018,A_Winter,october,t1,180,1050,2018_october_Acy_180_m,a,shallow,D_below_DCM,D_below_DCM,b,P22,b,b
P23,W_Acy,2018,A_Winter,october,t1,375,1050,2018_october_Acy_375_m,a,deep,F_300-600,F_300-600,b,P23,b,b
P24,W_Acy,2018,A_Winter,october,t1,550,1050,2018_october_Acy_550_m,a,deep,F_300-600,F_300-600,b,P24,b,b
P25,W_Acy,2018,A_Winter,october,t1,800,1050,2018_october_Acy_800_m,a,deep,G_below_600,G_below_600,b,P25,b,b
P26,W_Acy,2018,A_Winter,october,t1,1039,1050,2018_october_Acy_1039_m,a,deep,H_near_bottom,G_below_600,b,P26,b,b
P27,W_Acy,2018,A_Winter,october,t2,1,1050,2018_october_Acy_1_m,a,shallow,A_surface,A_surface,b,P27,b,b
P28,W_Acy,2018,A_Winter,october,t2,60,1050,2018_october_Acy_60_m,a,shallow,B_nearsurface,B_nearsurface,b,P28,b,b
P29,W_Acy,2018,A_Winter,october,t2,100,1050,2018_october_Acy_100_m,a,shallow,C_DCM,C_DCM,b,P29,b,b
P3,W_Cy,2018,A_Winter,october,t1,70,1800,2018_october_Cy_70_m,a,shallow,B_nearsurface,B_nearsurface,b,P3,b,b
P30,W_Acy,2018,A_Winter,october,t2,170,1050,2018_october_Acy_170_m,a,shallow,D_below_DCM,D_below_DCM,b,P30,b,b
P31,W_Acy,2018,A_Winter,october,t2,250,1050,2018_october_Acy_250_m,a,shallow,D_below_DCM,D_below_DCM,b,P31,b,b
P32,W_Acy,2018,A_Winter,october,t2,375,1050,2018_october_Acy_375_m,a,deep,F_300-600,F_300-600,b,P32,b,b
P33,W_Acy,2018,A_Winter,october,t2,600,1050,2018_october_Acy_600_m,a,deep,G_below_600,G_below_600,b,P33,b,b
P34,W_Acy,2018,A_Winter,october,t2,800,1050,2018_october_Acy_800_m,a,deep,G_below_600,G_below_600,b,P34,b,b
P38,G_H05,2018,A_Winter,october,t1,375,1450,2018_october_H_H05_375_m,a,deep,F_300-600,F_300-600,b,P38,b,b
P39,G_H05,2018,A_Winter,october,t1,555,1450,2018_october_H_H05_555_m,a,deep,F_300-600,F_300-600,b,P39,b,b
P4,W_Cy,2018,A_Winter,october,t1,100,1800,2018_october_Cy_100_m,a,shallow,C_DCM,C_DCM,b,P4,b,b
P40,G_H05,2018,A_Winter,october,t1,1,1450,2018_october_H05_1_m,a,shallow,A_surface,A_surface,b,P40,b,b
P41,G_H05,2018,A_Winter,october,t1,100,1450,2018_october_H_H05_100_m,a,shallow,C_DCM,C_DCM,b,P41,b,b
P42,G_H05,2018,A_Winter,october,t2,100,1450,2018_october_H_H05_100_m,a,shallow,C_DCM,C_DCM,b,P42,b,b
P43,G_H05,2018,A_Winter,october,t3,100,1450,2018_october_H_H05_100_m,a,shallow,C_DCM,C_DCM,b,P43,b,b
P44,G_H05,2018,A_Winter,october,t4,100,1450,2018_october_H_H05_100_m,a,shallow,C_DCM,C_DCM,b,P44,b,b
P5,W_Cy,2018,A_Winter,october,t1,180,1800,2018_october_Cy_180_m,a,shallow,D_below_DCM,D_below_DCM,b,P5,b,b
P6,W_Cy,2018,A_Winter,october,t1,375,1800,2018_october_Cy_375_m,a,deep,F_300-600,F_300-600,b,P6,b,b
P7,W_Cy,2018,A_Winter,october,t1,550,1800,2018_october_Cy_550_m,a,deep,F_300-600,F_300-600,b,P7,b,b
P8,W_Cy,2018,A_Winter,october,t1,1100,1800,2018_october_Cy_1100_m,a,deep,G_below_600,G_below_600,b,P8,b,b
P9,W_Cy,2018,A_Winter,october,t1,1796,1800,2018_october_Cy_1796_m,a,deep,H_near_bottom,G_below_600,b,P9,b,b
W1,U_DL,2020,A_Winter,february,t,180,1500,2020_february_U_DL_180_m,a,shallow,D_below_DCM,D_below_DCM,b,W1,b,b
w1000,G_H05,2026,A_Winter,may,t,180,1465,2025_august_G_H05_160,a,shallow,D_below_DCM,D_below_DCM,b,w1000,a,a
w1001,G_H05,2026,A_Winter,may,t,240,1465,2025_august_G_H05_240,a,shallow,D_below_DCM,D_below_DCM,b,w1001,a,a
w1002,G_H05,2026,A_Winter,may,t,375,1465,2025_august_G_H05_375,a,deep,F_300-600,F_300-600,b,w1002,a,a
w1003,G_H05,2026,A_Winter,may,t,550,1465,2025_august_G_H05_550,a,deep,F_300-600,F_300-600,b,w1003,a,a
w1004,G_H05,2026,A_Winter,may,t,800,1465,2025_august_G_H05_800,a,deep,G_below_600,G_below_600,b,w1004,a,a
w1005,G_H05,2026,A_Winter,may,t,1000,1465,2025_august_G_H05_1000,a,deep,G_below_600,G_below_600,b,w1005,a,a
w1006,G_H05,2026,A_Winter,may,t,1450,1465,2025_august_G_H05_1467,a,deep,H_near_bottom,G_below_600,b,w1006,a,a
w1007,H_H06,2026,A_Winter,may,t,1,1740,2025_august_H_H06_1,a,shallow,A_surface,A_surface,b,w1007,a,a
w1008,H_H06,2026,A_Winter,may,t,50,1740,2025_august_H_H06_50,a,shallow,B_nearsurface,B_nearsurface,b,w1008,a,a
w1009,H_H06,2026,A_Winter,may,t,110,1740,2025_august_H_H06_110,a,shallow,C_DCM,C_DCM,b,w1009,a,a
w1010,H_H06,2026,A_Winter,may,t,220,1740,2025_august_H_H06_205,a,shallow,D_below_DCM,D_below_DCM,b,w1010,a,a
w1011,H_H06,2026,A_Winter,may,t,375,1740,2025_august_H_H06_240,a,deep,F_300-600,F_300-600,b,w1011,a,a
w1012,H_H06,2026,A_Winter,may,t,550,1740,2025_august_H_H06_375,a,deep,F_300-600,F_300-600,b,w1012,a,a
w1013,H_H06,2026,A_Winter,may,t,800,1740,2025_august_H_H06_550,a,deep,G_below_600,G_below_600,b,w1013,a,a
w1014,H_H06,2026,A_Winter,may,t,1000,1740,2025_august_H_H06_1250,a,deep,G_below_600,G_below_600,b,w1014,a,a
w1015,H_H06,2026,A_Winter,may,t,1250,1740,2025_august_H_H06_1500,a,deep,G_below_600,G_below_600,b,w1015,a,a
w1016,H_H06,2026,A_Winter,may,t,1550,1740,2025_august_H_H06_1500,a,deep,G_below_600,G_below_600,b,w1016,a,a
w1017,H_H06,2026,A_Winter,may,t,1740,1740,2025_august_H_H06_1736,a,deep,H_near_bottom,G_below_600,b,w1017,a,a
W121,A_H15,2020,Summer,september,t,1,15,2020_september_A_H15_1_m,a,shallow,A_surface,A_surface,b,W121,b,b
W122,A_H15,2020,Summer,september,t,15,15,2020_september_A_H15_15_m,a,shallow,B_nearsurface,B_nearsurface,b,W122,b,b
W123,B_H25,2020,Summer,september,t,1,25,2020_september_B_H25_1_m,a,shallow,A_surface,A_surface,b,W123,b,b
W124,B_H25,2020,Summer,september,t,25,25,2020_september_B_H25_25_m,a,shallow,B_nearsurface,B_nearsurface,b,W124,b,b
W125,C_H01,2020,Summer,september,t,1,60,2020_september_D_H01_1_m,a,shallow,A_surface,A_surface,b,W125,b,b
W126,C_H01,2020,Summer,september,t,20,60,2020_september_D_H01_20_m,a,shallow,B_nearsurface,B_nearsurface,b,W126,b,b
W127,C_H01,2020,Summer,september,t,40,60,2020_september_D_H01_40_m,a,shallow,B_nearsurface,B_nearsurface,b,W127,b,b
W128,C_H01,2020,Summer,september,t,60,60,2020_september_D_H01_60_m,a,shallow,B_nearsurface,B_nearsurface,b,W128,b,b
W129,D_H02,2020,Summer,september,t,1,300,2020_september_E_H02_1_m,a,shallow,A_surface,A_surface,b,W129,b,b
W130,D_H02,2020,Summer,september,t,110,300,2020_september_E_H02_110_m,a,shallow,C_DCM,C_DCM,b,W130,b,b
W131,D_H02,2020,Summer,september,t,180,300,2020_september_E_H02_180_m,a,shallow,D_below_DCM,D_below_DCM,b,W131,b,b
W132,D_H02,2020,Summer,september,t,300,300,2020_september_E_H02_300_m,a,deep,F_300-600,F_300-600,b,W132,b,b
W133,E_H03,2020,Summer,september,t,1,400,2020_september_F_H03_1_m,a,shallow,A_surface,A_surface,b,W133,b,b
W134,E_H03,2020,Summer,september,t,55,400,2020_september_F_H03_55_m,a,shallow,B_nearsurface,B_nearsurface,b,W134,b,b
W135,E_H03,2020,Summer,september,t,110,400,2020_september_F_H03_110_m,a,shallow,C_DCM,C_DCM,b,W135,b,b
W136,E_H03,2020,Summer,september,t,180,400,2020_september_F_H03_180_m,a,shallow,D_below_DCM,D_below_DCM,b,W136,b,b
W137,E_H03,2020,Summer,september,t,300,400,2020_september_F_H03_300_m,a,deep,F_300-600,F_300-600,b,W137,b,b
W138,E_H03,2020,Summer,september,t,396,400,2020_september_F_H03_396_m,a,deep,F_300-600,F_300-600,b,W138,b,b
W139,F_H04,2020,Summer,september,t,1,1100,2020_september_G_H04_1_m,a,shallow,A_surface,A_surface,b,W139,b,b
W140,F_H04,2020,Summer,september,t,50,1100,2020_september_G_H04_50_m,a,shallow,B_nearsurface,B_nearsurface,b,W140,b,b
W141,F_H04,2020,Summer,september,t,110,1100,2020_september_G_H04_110_m,a,shallow,C_DCM,C_DCM,b,W141,b,b
W142,F_H04,2020,Summer,september,t,180,1100,2020_september_G_H04_180_m,a,shallow,D_below_DCM,D_below_DCM,b,W142,b,b
W143,F_H04,2020,Summer,september,t,375,1100,2020_september_G_H04_375_m,a,deep,F_300-600,F_300-600,b,W143,b,b
W144,F_H04,2020,Summer,september,t,550,1100,2020_september_G_H04_550_m,a,deep,F_300-600,F_300-600,b,W144,b,b
W145,F_H04,2020,Summer,september,t,800,1100,2020_september_G_H04_800_m,a,deep,G_below_600,G_below_600,b,W145,b,b
W146,F_H04,2020,Summer,september,t,1100,1100,2020_september_G_H04_1100_m,a,deep,H_near_bottom,G_below_600,b,W146,b,b
W147,G_H05,2020,Summer,september,t,1,1450,2020_september_H_H05_1_m,a,shallow,A_surface,A_surface,b,W147,b,b
W148,G_H05,2020,Summer,september,t,50,1450,2020_september_H_H05_50_m,a,shallow,B_nearsurface,B_nearsurface,b,W148,b,b
W149,G_H05,2020,Summer,september,t,120,1450,2020_september_H_H05_120_m,a,shallow,C_DCM,C_DCM,b,W149,b,b
W150,G_H05,2020,Summer,september,t,180,1450,2020_september_H_H05_180_m,a,shallow,D_below_DCM,D_below_DCM,b,W150,b,b
W151,G_H05,2020,Summer,september,t,375,1450,2020_september_H_H05_375_m,a,deep,F_300-600,F_300-600,b,W151,b,b
W152,G_H05,2020,Summer,september,t,550,1450,2020_september_H_H05_550_m,a,deep,F_300-600,F_300-600,b,W152,b,b
W153,G_H05,2020,Summer,september,t,800,1450,2020_september_H_H05_800_m,a,deep,G_below_600,G_below_600,b,W153,b,b
W154,G_H05,2020,Summer,september,t,1400,1450,2020_september_H_H05_1400_m,a,deep,G_below_600,G_below_600,b,W154,b,b
W155,H_H06,2020,Summer,september,t,1745,1750,2020_september_I_H06_1745_m,a,deep,H_near_bottom,G_below_600,b,W155,b,b
W156,H_H06,2020,Summer,september,t,1000,1750,2020_september_I_H06_1000_m,a,deep,G_below_600,G_below_600,b,W156,b,b
W157,H_H06,2020,Summer,september,t,500,1750,2020_september_I_H06_500_m,a,deep,F_300-600,F_300-600,b,W157,b,b
W158,H_H06,2020,Summer,september,t,375,1750,2020_september_I_H06_375_m,a,deep,F_300-600,F_300-600,b,W158,b,b
W160,H_H06,2020,Summer,september,t,180,1750,2020_september_I_H06_180_m,a,shallow,D_below_DCM,D_below_DCM,b,W160,b,b
W161,H_H06,2020,Summer,september,t,110,1750,2020_september_I_H06_110_m,a,shallow,C_DCM,C_DCM,b,W161,b,b
W162,H_H06,2020,Summer,september,t,1,1750,2020_september_I_H06_1_m,a,shallow,A_surface,A_surface,b,W162,b,b
W181,U_DL,2020,Summer,october,t,180,1525,2020_october_U_DL_180_m,a,shallow,D_below_DCM,D_below_DCM,b,W181,b,b
W182,U_DL,2020,Summer,october,t,110,1525,2020_october_U_DL_110_m,a,shallow,C_DCM,C_DCM,b,W182,b,b
W183,U_DL,2020,Summer,october,t,70,1525,2020_october_U_DL_70_m,a,shallow,B_nearsurface,B_nearsurface,b,W183,b,b
W184,U_DL,2020,Summer,october,t,1,1525,2020_october_U_DL_1_m,a,shallow,A_surface,A_surface,b,W184,b,b
W2,U_DL,2020,A_Winter,february,t,80,1500,2020_february_U_DL_80_m,a,shallow,C_DCM,C_DCM,b,W2,b,b
W231,X_HZ3,2021,A_Winter,february,t,15,30,2021_february_X_HZ3_15_m,a,shallow,B_nearsurface,B_nearsurface,b,W231,a,a
W232,X_HZ3,2021,A_Winter,february,t,1,30,2021_february_X_HZ3_1_m,a,shallow,A_surface,A_surface,b,W232,a,a
W233,X_HZ3,2021,A_Winter,february,t,30,30,2021_february_X_HZ3_30_m,a,shallow,B_nearsurface,B_nearsurface,b,W233,a,a
W234,X_HZ9,2021,A_Winter,february,t,1,100,2021_february_X_HZ9_1_m,a,shallow,A_surface,A_surface,b,W234,a,a
W235,X_HZ9,2021,A_Winter,february,t,40,100,2021_february_X_HZ9_40_m,a,shallow,B_nearsurface,B_nearsurface,b,W235,a,a
W236,X_HZ9,2021,A_Winter,february,t,60,100,2021_february_X_HZ9_60_m,a,shallow,B_nearsurface,B_nearsurface,b,W236,a,a
W237,X_HZ9,2021,A_Winter,february,t,100,100,2021_february_X_HZ9_100_m,a,shallow,B_nearsurface,B_nearsurface,b,W237,a,a
W238,X_HZ15,2021,A_Winter,february,t,5,300,2021_february_X_HZ15_5_m,a,shallow,A_surface,A_surface,b,W238,a,a
W239,X_HZ15,2021,A_Winter,february,t,60,300,2021_february_X_HZ15_60_m,a,shallow,B_nearsurface,B_nearsurface,b,W239,a,a
W240,X_HZ15,2021,A_Winter,february,t,120,300,2021_february_X_HZ15_120_m,a,shallow,C_DCM,C_DCM,b,W240,a,a
W241,X_HZ15,2021,A_Winter,february,t,180,300,2021_february_X_HZ15_180_m,a,shallow,D_below_DCM,D_below_DCM,b,W241,a,a
W242,X_HZ15,2021,A_Winter,february,t,240,300,2021_february_X_HZ15_240_m,a,shallow,D_below_DCM,D_below_DCM,b,W242,a,a
W254,A_H15,2021,A_Winter,march,t,1,15,2021_march_A_H15_1_m,a,shallow,A_surface,A_surface,b,W254,b,b
W255,A_H15,2021,A_Winter,march,t,16,15,2021_march_A_H15_16_m,a,shallow,B_nearsurface,B_nearsurface,b,W255,b,b
W256,B_H25,2021,A_Winter,march,t,1,25,2021_march_B_H25_1_m,a,shallow,A_surface,A_surface,b,W256,a,b
W257,B_H25,2021,A_Winter,march,t,25,25,2021_march_B_H25_25_m,a,shallow,B_nearsurface,B_nearsurface,b,W257,a,b
W258,C_H01,2021,A_Winter,march,t,1,60,2021_march_D_H01_1_m,a,shallow,A_surface,A_surface,b,W258,a,b
W259,C_H01,2021,A_Winter,march,t,20,60,2021_march_D_H01_20_m,a,shallow,B_nearsurface,B_nearsurface,b,W259,a,b
W260,C_H01,2021,A_Winter,march,t,40,60,2021_march_D_H01_40_m,a,shallow,B_nearsurface,B_nearsurface,b,W260,a,b
W261,C_H01,2021,A_Winter,march,t,55,60,2021_march_D_H01_55_m,a,shallow,B_nearsurface,B_nearsurface,b,W261,a,b
W262,D_H02,2021,A_Winter,march,t,1,315,2021_march_E_H02_1_m,a,shallow,A_surface,A_surface,b,W262,a,b
W263,D_H02,2021,A_Winter,march,t,65,315,2021_march_E_H02_65_m,a,shallow,C_DCM,C_DCM,b,W263,a,b
W264,D_H02,2021,A_Winter,march,t,180,315,2021_march_E_H02_180_m,a,shallow,D_below_DCM,D_below_DCM,b,W264,a,b
W266,D_H02,2021,A_Winter,march,t,311,315,2021_march_E_H02_311_m,a,deep,F_300-600,F_300-600,b,W266,a,b
W267,E_H03,2021,A_Winter,march,t,1,600,2021_march_F_H03_1_m,a,shallow,A_surface,A_surface,b,W267,a,b
W268,E_H03,2021,A_Winter,march,t,70,600,2021_march_F_H03_70_m,a,shallow,B_nearsurface,B_nearsurface,b,W268,a,b
W269,E_H03,2021,A_Winter,march,t,180,600,2021_march_F_H03_180_m,a,shallow,C_DCM,C_DCM,b,W269,a,b
W270,E_H03,2021,A_Winter,march,t,210,600,2021_march_F_H03_210_m,a,shallow,D_below_DCM,D_below_DCM,b,W270,a,b
W271,E_H03,2021,A_Winter,march,t,375,600,2021_march_F_H03_375_m,a,deep,F_300-600,F_300-600,b,W271,a,b
W273,F_H04,2021,A_Winter,march,t,1,1100,2021_march_G_H04_1_m,a,shallow,A_surface,A_surface,b,W273,b,b
W274,F_H04,2021,A_Winter,march,t,65,1100,2021_march_G_H04_65_m,a,shallow,B_nearsurface,B_nearsurface,b,W274,b,b
W275,F_H04,2021,A_Winter,march,t,180,1100,2021_march_G_H04_180_m,a,shallow,C_DCM,C_DCM,b,W275,b,b
W276,F_H04,2021,A_Winter,march,t,240,1100,2021_march_G_H04_240_m,a,shallow,D_below_DCM,D_below_DCM,b,W276,b,b
W277,F_H04,2021,A_Winter,march,t,375,1100,2021_march_G_H04_375_m,a,deep,F_300-600,F_300-600,b,W277,b,b
W278,F_H04,2021,A_Winter,march,t,550,1100,2021_march_G_H04_550_m,a,deep,F_300-600,F_300-600,b,W278,b,b
W279,F_H04,2021,A_Winter,march,t,800,1100,2021_march_G_H04_800_m,a,deep,G_below_600,G_below_600,b,W279,b,b
W280,F_H04,2021,A_Winter,march,t,1100,1100,2021_march_G_H04_1100_m,a,deep,H_near_bottom,G_below_600,b,W280,b,b
W281,G_H05,2021,A_Winter,march,t,1,1450,2021_march_H_H05_1_m,a,shallow,A_surface,A_surface,b,W281,b,b
W282,G_H05,2021,A_Winter,march,t,80,1450,2021_march_H_H05_80_m,a,shallow,B_nearsurface,B_nearsurface,b,W282,b,b
W284,G_H05,2021,A_Winter,march,t,200,1450,2021_march_H_H05_200_m,a,shallow,D_below_DCM,D_below_DCM,b,W284,b,b
W285,G_H05,2021,A_Winter,march,t,375,1450,2021_march_H_H05_135_m,a,deep,F_300-600,F_300-600,b,W285,b,b
W286,G_H05,2021,A_Winter,march,t,550,1450,2021_march_H_H05_550_m,a,deep,F_300-600,F_300-600,b,W286,b,b
W287,G_H05,2021,A_Winter,march,t,800,1450,2021_march_H_H05_800_m,a,deep,G_below_600,G_below_600,b,W287,b,b
W288,G_H05,2021,A_Winter,march,t,1450,1450,2021_march_H_H05_1450_m,a,deep,H_near_bottom,G_below_600,b,W288,b,b
W289,H_H06,2021,A_Winter,march,t,1,1750,2021_march_I_H06_1_m,a,shallow,A_surface,A_surface,b,W289,b,b
W290,H_H06,2021,A_Winter,march,t,90,1750,2021_march_I_H06_90_m,a,shallow,C_DCM,C_DCM,b,W290,b,b
W291,H_H06,2021,A_Winter,march,t,180,1750,2021_march_I_H06_180_m,a,shallow,D_below_DCM,D_below_DCM,b,W291,b,b
W292,H_H06,2021,A_Winter,march,t,350,1750,2021_march_I_H06_350_m,a,shallow,F_300-600,F_300-600,b,W292,b,b
W293,H_H06,2021,A_Winter,march,t,375,1750,2021_march_I_H06_375_m,a,deep,F_300-600,F_300-600,b,W293,b,b
W294,H_H06,2021,A_Winter,march,t,550,1750,2021_march_I_H06_550_m,a,deep,F_300-600,F_300-600,b,W294,b,b
W295,H_H06,2021,A_Winter,march,t,800,1750,2021_march_I_H06_800_m,a,deep,G_below_600,G_below_600,b,W295,b,b
W296,H_H06,2021,A_Winter,march,t,1740,1750,2021_march_I_H06_1740_m,a,deep,H_near_bottom,G_below_600,b,W296,b,b
W297,I_G05,2021,A_Winter,march,t,1,1950,2021_march_J_G05_1_m,a,shallow,A_surface,A_surface,b,W297,b,b
W298,I_G05,2021,A_Winter,march,t,65,1950,2021_march_J_G05_65_m,a,shallow,C_DCM,C_DCM,b,W298,b,b
W299,I_G05,2021,A_Winter,march,t,180,1950,2021_march_J_G05_180_m,a,shallow,D_below_DCM,D_below_DCM,b,W299,b,b
W3,U_DL,2020,A_Winter,february,t,1,1500,2020_february_U_DL_1_m,a,shallow,A_surface,A_surface,b,W3,b,b
W300,I_G05,2021,A_Winter,march,t,375,1950,2021_march_J_G05_375_m,a,shallow,F_300-600,F_300-600,b,W300,b,b
W301,I_G05,2021,A_Winter,march,t,550,1950,2021_march_J_G05_550_m,a,deep,F_300-600,F_300-600,b,W301,b,b
W302,I_G05,2021,A_Winter,march,t,800,1950,2021_march_J_G05_800_m,a,deep,F_300-600,F_300-600,b,W302,b,b
W303,I_G05,2021,A_Winter,march,t,1375,1950,2021_march_J_G05_1375_m,a,deep,G_below_600,G_below_600,b,W303,b,b
W304,I_G05,2021,A_Winter,march,t,1912,1950,2021_march_J_G05_1912_m,a,deep,H_near_bottom,G_below_600,b,W304,b,b
W31,A_H15,2020,A_Winter,march,t,1,15,2020_march_A_H15_1_m,a,shallow,A_surface,A_surface,b,W31,b,b
W32,A_H15,2020,A_Winter,march,t,15,15,2020_march_A_H15_15_m,a,shallow,B_nearsurface,B_nearsurface,b,W32,b,b
W33,B_H25,2020,A_Winter,march,t,1,25,2020_march_B_H25_1_m,a,shallow,A_surface,A_surface,b,W33,a,b
W34,B_H25,2020,A_Winter,march,t,24,25,2020_march_B_H25_24_m,a,shallow,B_nearsurface,B_nearsurface,b,W34,a,b
W35,C_H01,2020,A_Winter,march,t,1,60,2020_march_D_H01_1_m,a,shallow,A_surface,A_surface,b,W35,a,b
W36,C_H01,2020,A_Winter,march,t,15,60,2020_march_D_H01_15_m,a,shallow,B_nearsurface,B_nearsurface,b,W36,a,b
W37,C_H01,2020,A_Winter,march,t,40,60,2020_march_D_H01_40_m,a,shallow,B_nearsurface,B_nearsurface,b,W37,a,b
W39,D_H02,2020,A_Winter,march,t,1,300,2020_march_E_H02_1_m,a,shallow,A_surface,A_surface,b,W39,a,b
W40,D_H02,2020,A_Winter,march,t,24,300,2020_march_E_H02_24_m,a,shallow,B_nearsurface,B_nearsurface,b,W40,a,b
W41,D_H02,2020,A_Winter,march,t,180,300,2020_march_E_H02_180_m,a,shallow,D_below_DCM,D_below_DCM,b,W41,a,b
W42,D_H02,2020,A_Winter,march,t,243,300,2020_march_E_H02_243_m,a,shallow,D_below_DCM,D_below_DCM,b,W42,a,b
W423,H_H06,2022,A_Winter,may,t,180,1750,2022_may_H_H06_180__m,a,shallow,D_below_DCM,D_below_DCM,b,W423,b,b
W424,H_H06,2022,A_Winter,may,t,250,1750,2022_may_H_H06_250__m,a,shallow,D_below_DCM,D_below_DCM,b,W424,b,b
W425,H_H06,2022,A_Winter,may,t,375,1750,2022_may_H_H06_375__m,a,deep,F_300-600,F_300-600,b,W425,b,b
W426,H_H06,2022,A_Winter,may,t,550,1750,2022_may_H_H06_550__m,a,deep,F_300-600,F_300-600,b,W426,b,b
W427,H_H06,2022,A_Winter,may,t,800,1750,2022_may_H_H06_800__m,a,deep,G_below_600,G_below_600,b,W427,b,b
W428,H_H06,2022,A_Winter,may,t,1200,1750,2022_may_H_H06_1200__m,a,deep,G_below_600,G_below_600,b,W428,b,b
W429,H_H06,2022,A_Winter,may,t,1550,1750,2022_may_H_H06_1550__m,a,deep,H_near_bottom,G_below_600,b,W429,b,b
W43,E_H03,2020,A_Winter,march,t,1,400,2020_march_F_H03_1_m,a,shallow,A_surface,A_surface,b,W43,a,b
W430,H_H06,2022,A_Winter,may,t,1741,1750,2022_may_H_H06_1741__m,a,deep,G_below_600,G_below_600,b,W430,b,b
W431,A_H15,2022,A_Winter,may,t,1,15,2022_may_A_H15_1__m,a,shallow,A_surface,A_surface,b,W431,b,b
W432,A_H15,2022,A_Winter,may,t,15,15,2022_may_A_H15_15__m,a,shallow,B_nearsurface,B_nearsurface,b,W432,b,b
W433,B_H25,2022,A_Winter,may,t,1,25,2022_may_B_H25_1__m,a,shallow,A_surface,A_surface,b,W433,a,b
W434,B_H25,2022,A_Winter,may,t,25,25,2022_may_B_H25_25__m,a,shallow,B_nearsurface,B_nearsurface,b,W434,a,b
W435,C_H01,2022,A_Winter,may,t,1,60,2022_may_C_H01_1__m,a,shallow,A_surface,A_surface,b,W435,a,b
W436,C_H01,2022,A_Winter,may,t,15,60,2022_may_C_H01_15__m,a,shallow,B_nearsurface,B_nearsurface,b,W436,a,b
W437,C_H01,2022,A_Winter,may,t,35,60,2022_may_C_H01_35__m,a,shallow,B_nearsurface,B_nearsurface,b,W437,a,b
W438,C_H01,2022,A_Winter,may,t,57,60,2022_may_C_H01_57__m,a,shallow,B_nearsurface,B_nearsurface,b,W438,a,b
W439,D_H02,2022,A_Winter,may,t,1,315,2022_may_D_H02_1__m,a,shallow,A_surface,A_surface,b,W439,a,b
W44,E_H03,2020,A_Winter,march,t,40,400,2020_march_F_H03_40_m,a,shallow,B_nearsurface,B_nearsurface,b,W44,a,b
W440,D_H02,2022,A_Winter,may,t,70,315,2022_may_D_H02_70__m,a,shallow,C_DCM,C_DCM,b,W440,a,b
W441,D_H02,2022,A_Winter,may,t,180,315,2022_may_D_H02_180__m,a,shallow,D_below_DCM,D_below_DCM,b,W441,a,b
W442,D_H02,2022,A_Winter,may,t,245,315,2022_may_D_H02_245__m,a,shallow,D_below_DCM,D_below_DCM,b,W442,a,b
W443,D_H02,2022,A_Winter,may,t,1,600,2022_may_D_H02_1__m,a,deep,A_surface,A_surface,b,W443,a,b
W444,E_H03,2022,A_Winter,may,t,80,600,2022_may_E_H03_80__m,a,shallow,B_nearsurface,B_nearsurface,b,W444,a,b
W445,E_H03,2022,A_Winter,may,t,140,600,2022_may_E_H03_140__m,a,shallow,C_DCM,C_DCM,b,W445,a,b
W446,E_H03,2022,A_Winter,may,t,180,600,2022_may_E_H03_180__m,a,shallow,D_below_DCM,D_below_DCM,b,W446,a,b
W447,E_H03,2022,A_Winter,may,t,375,600,2022_may_E_H03_375__m,a,shallow,F_300-600,F_300-600,b,W447,a,b
W448,E_H03,2022,A_Winter,may,t,609,600,2022_may_E_H03_609__m,a,deep,F_300-600,G_below_600,b,W448,a,b
W449,E_H03,2022,A_Winter,may,t,1,1100,2022_may_E_H03_1__m,a,deep,A_surface,A_surface,b,W449,a,b
W45,E_H03,2020,A_Winter,march,t,180,400,2020_march_F_H03_180_m,a,shallow,D_below_DCM,D_below_DCM,b,W45,a,b
W450,F_H04,2022,A_Winter,may,t,60,1100,2022_may_F_H04_60__m,a,shallow,B_nearsurface,B_nearsurface,b,W450,b,b
W451,F_H04,2022,A_Winter,may,t,80,1100,2022_may_F_H04_80__m,a,shallow,C_DCM,C_DCM,b,W451,b,b
W452,F_H04,2022,A_Winter,may,t,180,1100,2022_may_F_H04_180__m,a,shallow,D_below_DCM,D_below_DCM,b,W452,b,b
W453,F_H04,2022,A_Winter,may,t,250,1100,2022_may_F_H04_250__m,a,shallow,F_300-600,F_300-600,b,W453,b,b
W454,F_H04,2022,A_Winter,may,t,375,1100,2022_may_F_H04_375__m,a,deep,F_300-600,F_300-600,b,W454,b,b
W455,F_H04,2022,A_Winter,may,t,550,1100,2022_may_F_H04_550__m,a,deep,G_below_600,G_below_600,b,W455,b,b
W456,F_H04,2022,A_Winter,may,t,800,1100,2022_may_F_H04_800__m,a,deep,G_below_600,G_below_600,b,W456,b,b
W457,F_H04,2022,A_Winter,may,t,1145,1100,2022_may_F_H04_1145__m,a,deep,G_below_600,G_below_600,b,W457,b,b
W458,G_H05,2022,A_Winter,may,t,1,1450,2022_may_G_H05_1__m,a,shallow,A_surface,A_surface,b,W458,b,b
W459,G_H05,2022,A_Winter,may,t,60,1450,2022_may_G_H05_60__m,a,shallow,B_nearsurface,B_nearsurface,b,W459,b,b
W46,E_H03,2020,A_Winter,march,t,240,400,2020_march_F_H03_240_m,a,shallow,D_below_DCM,D_below_DCM,b,W46,a,b
W460,G_H05,2022,A_Winter,may,t,100,1450,2022_may_G_H05_100__m,a,shallow,C_DCM,C_DCM,b,W460,b,b
W461,G_H05,2022,A_Winter,may,t,180,1450,2022_may_G_H05_180__m,a,shallow,D_below_DCM,D_below_DCM,b,W461,b,b
W462,G_H05,2022,A_Winter,may,t,250,1450,2022_may_G_H05_250__m,a,shallow,D_below_DCM,D_below_DCM,b,W462,b,b
W463,G_H05,2022,A_Winter,may,t,375,1450,2022_may_G_H05_375__m,a,deep,F_300-600,F_300-600,b,W463,b,b
W464,G_H05,2022,A_Winter,may,t,550,1450,2022_may_G_H05_550__m,a,deep,F_300-600,F_300-600,b,W464,b,b
W465,G_H05,2022,A_Winter,may,t,800,1450,2022_may_G_H05_800__m,a,deep,G_below_600,G_below_600,b,W465,b,b
W466,G_H05,2022,A_Winter,may,t,1250,1450,2022_may_G_H05_1250__m,a,deep,G_below_600,G_below_600,b,W466,b,b
W467,G_H05,2022,A_Winter,may,t,1455,1450,2022_may_G_H05_1455__m,a,deep,H_near_bottom,G_below_600,b,W467,b,b
W468,H_H06,2022,A_Winter,may,t,1,1750,2022_may_H_H06_1__m,a,shallow,A_surface,A_surface,b,W468,b,b
W469,H_H06,2022,A_Winter,may,t,40,1750,2022_may_H_H06_40__m,a,shallow,B_nearsurface,B_nearsurface,b,W469,b,b
W47,E_H03,2020,A_Winter,march,t,480,400,2020_march_F_H03_480_m,a,deep,F_300-600,F_300-600,b,W47,a,b
W470,H_H06,2022,A_Winter,may,t,85,1750,2022_may_H_H06_85__m,a,shallow,C_DCM,C_DCM,b,W470,b,b
W48,E_H03,2020,A_Winter,march,t,664,400,2020_march_F_H03_664_m,a,deep,G_below_600,G_below_600,b,W48,a,b
W49,F_H04,2020,A_Winter,march,t,1,1100,2020_march_G_H04_1_m,a,shallow,A_surface,A_surface,b,W49,b,b
W5,U_DL,2020,A_Winter,february,t,1100,1500,2020_february_U_DL_1100_m,a,deep,G_below_600,G_below_600,b,W5,b,b
W50,F_H04,2020,A_Winter,march,t,90,1100,2020_march_G_H04_90_m,a,shallow,C_DCM,C_DCM,b,W50,b,b
w503,A_H15,2022,Summer,august,t,1,15,2022_august_A_H15_1_m,a,shallow,A_surface,A_surface,b,w503,b,b
w504,A_H15,2022,Summer,august,t,15,15,2022_august_A_H15_15_m,a,shallow,B_nearsurface,B_nearsurface,b,w504,b,b
w506,B_H25,2022,Summer,august,t,25,25,2022_august_B_H25_25_m,a,shallow,B_nearsurface,B_nearsurface,b,w506,b,b
w507,C_H01,2022,Summer,august,t,1,50,2022_august_C_H01_1_m,a,shallow,A_surface,A_surface,b,w507,b,b
w508,C_H01,2022,Summer,august,t,15,50,2022_august_C_H01_15_m,a,shallow,B_nearsurface,B_nearsurface,b,w508,b,b
w509,C_H01,2022,Summer,august,t,35,50,2022_august_C_H01_35_m,a,shallow,B_nearsurface,B_nearsurface,b,w509,b,b
W51,F_H04,2020,A_Winter,march,t,140,1100,2020_march_G_H04_140_m,a,shallow,C_DCM,C_DCM,b,W51,b,b
w510,C_H01,2022,Summer,august,t,50,50,2022_august_C_H01_50_m,a,shallow,B_nearsurface,B_nearsurface,b,w510,b,b
w511,D_H02,2022,Summer,august,t,1,330,2022_august_D_H02_1_m,a,shallow,A_surface,A_surface,b,w511,b,b
w512,D_H02,2022,Summer,august,t,60,330,2022_august_D_H02_60_m,a,shallow,C_DCM,C_DCM,b,w512,b,b
w513,D_H02,2022,Summer,august,t,120,330,2022_august_D_H02_120_m,a,shallow,C_DCM,C_DCM,b,w513,b,b
w514,D_H02,2022,Summer,august,t,180,330,2022_august_D_H02_180_m,a,shallow,D_below_DCM,D_below_DCM,b,w514,b,b
w515,D_H02,2022,Summer,august,t,240,330,2022_august_D_H02_240_m,a,shallow,D_below_DCM,D_below_DCM,b,w515,b,b
w515ch,D_H02,2022,Summer,august,t,240,330,2022_august_D_H02_240_m,a,shallow,D_below_DCM,D_below_DCM,b,w515ch,b,b
w516,D_H02,2022,Summer,august,t,330,330,2022_august_D_H02_330_m,a,shallow,F_300-600,F_300-600,b,w516,b,b
w516ch,D_H02,2022,Summer,august,t,330,330,2022_august_D_H02_330_m,a,shallow,F_300-600,F_300-600,b,w516ch,b,b
w517,E_H03,2022,Summer,august,t,1,570,2022_august_E_H03_1_m,a,shallow,A_surface,A_surface,b,w517,b,b
w517ch,E_H03,2022,Summer,august,t,1,570,2022_august_E_H03_1_m,a,shallow,A_surface,A_surface,b,w517ch,b,b
w518,E_H03,2022,Summer,august,t,50,570,2022_august_E_H03_50_m,a,shallow,C_DCM,C_DCM,b,w518,b,b
w518ch,E_H03,2022,Summer,august,t,50,570,2022_august_E_H03_50_m,a,shallow,C_DCM,C_DCM,b,w518ch,b,b
w519,E_H03,2022,Summer,august,t,120,570,2022_august_E_H03_120_m,a,shallow,C_DCM,C_DCM,b,w519,b,b
w519ch,E_H03,2022,Summer,august,t,120,570,2022_august_E_H03_120_m,a,shallow,C_DCM,C_DCM,b,w519ch,b,b
W52,F_H04,2020,A_Winter,march,t,180,1100,2020_march_G_H04_180_m,a,shallow,D_below_DCM,D_below_DCM,b,W52,b,b
w520,E_H03,2022,Summer,august,t,180,570,2022_august_E_H03_180_m,a,shallow,D_below_DCM,D_below_DCM,b,w520,b,b
w520ch,E_H03,2022,Summer,august,t,180,570,2022_august_E_H03_180_m,a,shallow,D_below_DCM,D_below_DCM,b,w520ch,b,b
w521,E_H03,2022,Summer,august,t,240,570,2022_august_E_H03_240_m,a,shallow,D_below_DCM,D_below_DCM,b,w521,b,b
w522,E_H03,2022,Summer,august,t,310,570,2022_august_E_H03_310_m,a,shallow,F_300-600,F_300-600,b,w522,b,b
w523,E_H03,2022,Summer,august,t,375,570,2022_august_E_H03_375_m,a,deep,F_300-600,F_300-600,b,w523,b,b
w524,E_H03,2022,Summer,august,t,570,570,2022_august_E_H03_570_m,a,deep,F_300-600,F_300-600,b,w524,b,b
w525,F_H04,2022,Summer,august,t,1,1150,2022_august_F_H04_1_m,a,shallow,A_surface,A_surface,b,w525,b,b
w526,F_H04,2022,Summer,august,t,36,1150,2022_august_F_H04_36_m,a,shallow,B_nearsurface,B_nearsurface,b,w526,b,b
w527,F_H04,2022,Summer,august,t,60,1150,2022_august_F_H04_60_m,a,shallow,C_DCM,C_DCM,b,w527,b,b
w528,F_H04,2022,Summer,august,t,130,1150,2022_august_F_H04_130_m,a,shallow,C_DCM,C_DCM,b,w528,b,b
w529,F_H04,2022,Summer,august,t,180,1150,2022_august_F_H04_180_m,a,shallow,D_below_DCM,D_below_DCM,b,w529,b,b
W53,F_H04,2020,A_Winter,march,t,375,1100,2020_march_G_H04_375_m,a,deep,F_300-600,F_300-600,b,W53,b,b
w530,F_H04,2022,Summer,august,t,240,1150,2022_august_F_H04_240_m,a,shallow,D_below_DCM,D_below_DCM,b,w530,b,b
w531,F_H04,2022,Summer,august,t,375,1150,2022_august_F_H04_375_m,a,deep,F_300-600,F_300-600,b,w531,b,b
w532,F_H04,2022,Summer,august,t,550,1150,2022_august_F_H04_550_m,a,deep,F_300-600,F_300-600,b,w532,b,b
w533,F_H04,2022,Summer,august,t,800,1150,2022_august_F_H04_800_m,a,deep,G_below_600,G_below_600,b,w533,b,b
w534,F_H04,2022,Summer,august,t,1150,1150,2022_august_F_H04_1150_m,a,deep,H_near_bottom,G_below_600,b,w534,b,b
w535,G_H05,2022,Summer,august,t,1,1450,2022_august_G_H05_1_m,a,shallow,A_surface,A_surface,b,w535,b,b
w536,G_H05,2022,Summer,august,t,50,1450,2022_august_G_H05_50_m,a,shallow,C_DCM,C_DCM,b,w536,b,b
w537,G_H05,2022,Summer,august,t,130,1450,2022_august_G_H05_130_m,a,shallow,C_DCM,C_DCM,b,w537,b,b
w538,G_H05,2022,Summer,august,t,180,1450,2022_august_G_H05_180_m,a,shallow,D_below_DCM,D_below_DCM,b,w538,b,b
w539,G_H05,2022,Summer,august,t,240,1450,2022_august_G_H05_240_m,a,shallow,D_below_DCM,D_below_DCM,b,w539,b,b
W54,F_H04,2020,A_Winter,march,t,550,1100,2020_march_G_H04_550_m,a,deep,F_300-600,F_300-600,b,W54,b,b
w540,G_H05,2022,Summer,august,t,375,1450,2022_august_G_H05_375_m,a,deep,F_300-600,F_300-600,b,w540,b,b
w541,G_H05,2022,Summer,august,t,550,1450,2022_august_G_H05_550_m,a,deep,F_300-600,F_300-600,b,w541,b,b
w542,G_H05,2022,Summer,august,t,800,1450,2022_august_G_H05_800_m,a,deep,G_below_600,G_below_600,b,w542,b,b
w543,G_H05,2022,Summer,august,t,1250,1450,2022_august_G_H05_1250_m,a,deep,G_below_600,G_below_600,b,w543,b,b
w544,G_H05,2022,Summer,august,t,1455,1450,2022_august_G_H05_1455_m,a,deep,H_near_bottom,G_below_600,b,w544,b,b
w545,H_H06,2022,Summer,august,t,1,1750,2022_august_H_H06_1_m,a,shallow,A_surface,A_surface,b,w545,b,b
w546,H_H06,2022,Summer,august,t,50,1750,2022_august_H_H06_50_m,a,shallow,C_DCM,C_DCM,b,w546,b,b
w547,H_H06,2022,Summer,august,t,120,1750,2022_august_H_H06_120_m,a,shallow,C_DCM,C_DCM,b,w547,b,b
w549,H_H06,2022,Summer,august,t,340,1750,2022_august_H_H06_340_m,a,shallow,F_300-600,F_300-600,b,w549,b,b
W55,F_H04,2020,A_Winter,march,t,800,1100,2020_march_G_H04_800_m,a,deep,G_below_600,G_below_600,b,W55,b,b
w550,H_H06,2022,Summer,august,t,550,1750,2022_august_H_H06_550_m,a,deep,F_300-600,F_300-600,b,w550,b,b
w551,H_H06,2022,Summer,august,t,800,1750,2022_august_H_H06_800_m,a,deep,G_below_600,G_below_600,b,w551,b,b
w552,H_H06,2022,Summer,august,t,1250,1750,2022_august_H_H06_1250_m,a,deep,G_below_600,G_below_600,b,w552,b,b
w553,H_H06,2022,Summer,august,t,1550,1750,2022_august_H_H06_1550_m,a,deep,G_below_600,G_below_600,b,w553,b,b
w554,H_H06,2022,Summer,august,t,1740,1750,2022_august_H_H06_1740_m,a,deep,H_near_bottom,G_below_600,b,w554,b,b
W56,F_H04,2020,A_Winter,march,t,1126,1100,2020_march_G_H04_1126_m,a,deep,G_below_600,G_below_600,b,W56,b,b
w567,U_DL,2023,A_Winter,january,t,1500,1520,2023_january_U_DL_1500,a,deep,H_near_bottom,G_below_600,b,w567,b,b
w568,U_DL,2023,A_Winter,january,t,1300,1520,2023_january_U_DL_1300,a,deep,G_below_600,G_below_600,b,w568,b,b
w569,U_DL,2023,A_Winter,january,t,1000,1520,2023_january_U_DL_1000,a,deep,G_below_600,G_below_600,b,w569,b,b
W57,G_H05,2020,A_Winter,march,t,1,1450,2020_march_H_H05_1_m,a,shallow,A_surface,A_surface,b,W57,b,b
w570,U_DL,2023,A_Winter,january,t,700,1520,2023_january_U_DL_700,a,deep,G_below_600,G_below_600,b,w570,b,b
w571,U_DL,2023,A_Winter,january,t,550,1520,2023_january_U_DL_550,a,deep,F_300-600,F_300-600,b,w571,b,b
w572,U_DL,2023,A_Winter,january,t,375,1520,2023_january_U_DL_375,a,deep,F_300-600,F_300-600,b,w572,b,b
w573,U_DL,2023,A_Winter,january,t,280,1520,2023_january_U_DL_280,a,deep,D_below_DCM,D_below_DCM,b,w573,b,b
w574,U_DL,2023,A_Winter,january,t,180,1520,2023_january_U_DL_180,a,shallow,D_below_DCM,D_below_DCM,b,w574,b,b
w575,U_DL,2023,A_Winter,january,t,100,1520,2023_january_U_DL_100,a,shallow,C_DCM,C_DCM,b,w575,b,b
w576,U_DL,2023,A_Winter,january,t,60,1520,2023_january_U_DL_60,a,shallow,B_nearsurface,B_nearsurface,b,w576,b,b
w577,U_DL,2023,A_Winter,january,t,1,1520,2023_january_U_DL_1,a,shallow,A_surface,A_surface,b,w577,b,b
w578,A_H15,2023,A_Winter,march,t,1,15,2023_march_A_H15_1,a,shallow,A_surface,A_surface,b,w578,b,b
w579,A_H15,2023,A_Winter,march,t,15,15,2023_march_A_H15_15,a,shallow,B_nearsurface,B_nearsurface,b,w579,b,b
W58,G_H05,2020,A_Winter,march,t,20,1450,2020_march_H_H05_20_m,a,shallow,B_nearsurface,B_nearsurface,b,W58,b,b
w580,B_H25,2023,A_Winter,march,t,1,25,2023_march_B_H25_1,a,shallow,A_surface,A_surface,b,w580,a,b
w581,B_H25,2023,A_Winter,march,t,25,25,2023_march_B_H25_25,a,shallow,B_nearsurface,B_nearsurface,b,w581,a,b
w582,C_H01,2023,A_Winter,march,t,1,60,2023_march_C_H01_1,a,shallow,A_surface,A_surface,b,w582,a,b
w583,C_H01,2023,A_Winter,march,t,20,60,2023_march_C_H01_20,a,shallow,B_nearsurface,B_nearsurface,b,w583,a,b
w584,C_H01,2023,A_Winter,march,t,35,60,2023_march_C_H01_35,a,shallow,B_nearsurface,B_nearsurface,b,w584,a,b
w585,C_H01,2023,A_Winter,march,t,57,60,2023_march_C_H01_57,a,shallow,C_DCM,C_DCM,b,w585,a,b
w586,D_H02,2023,A_Winter,march,t,1,445,2023_march_D_H02_1,a,shallow,A_surface,A_surface,b,w586,a,b
w587,D_H02,2023,A_Winter,march,t,60,445,2023_march_D_H02_60,a,shallow,C_DCM,C_DCM,b,w587,a,b
w588,D_H02,2023,A_Winter,march,t,120,445,2023_march_D_H02_120,a,shallow,D_below_DCM,D_below_DCM,b,w588,a,b
W59,G_H05,2020,A_Winter,march,t,80,1450,2020_march_H_H05_80_m,a,shallow,C_DCM,C_DCM,b,W59,b,b
w590,D_H02,2023,A_Winter,march,t,240,445,2023_march_D_H02_240,a,shallow,D_below_DCM,D_below_DCM,b,w590,a,b
w591,E_H03,2023,A_Winter,march,t,440,445,2023_march_E_H03_440,a,deep,F_300-600,F_300-600,b,w591,a,b
w592,E_H03,2023,A_Winter,march,t,1,600,2023_march_E_H03_1,a,shallow,A_surface,A_surface,b,w592,a,b
w593,E_H03,2023,A_Winter,march,t,60,600,2023_march_E_H03_60,a,shallow,C_DCM,C_DCM,b,w593,a,b
w594,E_H03,2023,A_Winter,march,t,120,600,2023_march_E_H03_120,a,shallow,C_DCM,C_DCM,b,w594,a,b
w595,E_H03,2023,A_Winter,march,t,180,600,2023_march_E_H03_180,a,shallow,D_below_DCM,D_below_DCM,b,w595,a,b
w596,E_H03,2023,A_Winter,march,t,240,600,2023_march_E_H03_240,a,shallow,D_below_DCM,D_below_DCM,b,w596,a,b
w597,E_H03,2023,A_Winter,march,t,375,600,2023_march_E_H03_375,a,deep,F_300-600,F_300-600,b,w597,a,b
w598,E_H03,2023,A_Winter,march,t,600,600,2023_march_E_H03_600,a,deep,F_300-600,G_below_600,b,w598,a,b
w599,F_H04,2023,A_Winter,march,t,1,1140,2023_march_F_H04_1,a,shallow,A_surface,A_surface,a,w599,b,b
W60,G_H05,2020,A_Winter,march,t,180,1450,2020_march_H_H05_180_m,a,shallow,D_below_DCM,D_below_DCM,b,W60,b,b
w600,F_H04,2023,A_Winter,march,t,80,1140,2023_march_F_H04_80,a,shallow,C_DCM,C_DCM,a,w600,b,b
w601,F_H04,2023,A_Winter,march,t,180,1140,2023_march_F_H04_180,a,shallow,D_below_DCM,D_below_DCM,a,w601,b,b
w602,F_H04,2023,A_Winter,march,t,240,1140,2023_march_F_H04_240,a,shallow,D_below_DCM,D_below_DCM,a,w602,b,b
w603,F_H04,2023,A_Winter,march,t,375,1140,2023_march_F_H04_375,a,deep,F_300-600,F_300-600,a,w603,b,b
w604,F_H04,2023,A_Winter,march,t,550,1140,2023_march_F_H04_550,a,deep,F_300-600,F_300-600,a,w604,b,b
w605,F_H04,2023,A_Winter,march,t,800,1140,2023_march_F_H04_800,a,deep,G_below_600,G_below_600,a,w605,b,b
w606,F_H04,2023,A_Winter,march,t,1020,1140,2023_march_F_H04_1020,a,deep,G_below_600,G_below_600,a,w606,b,b
w607,F_H04,2023,A_Winter,march,t,1070,1140,2023_march_F_H04_1070,a,deep,G_below_600,G_below_600,a,w607,b,b
w608,F_H04,2023,A_Winter,march,t,1125,1140,2023_march_F_H04_1125,a,deep,H_near_bottom,G_below_600,a,w608,b,b
w609,F_H04,2023,A_Winter,march,t,1135,1140,2023_march_F_H04_1135,a,deep,H_near_bottom,G_below_600,a,w609,b,b
W61,G_H05,2020,A_Winter,march,t,375,1450,2020_march_H_H05_375_m,a,deep,F_300-600,F_300-600,b,W61,b,b
w610,F_H04,2023,A_Winter,march,t,1140,1140,2023_march_F_H04_1140,a,deep,H_near_bottom,G_below_600,a,w610,b,b
w611,G_H05,2023,A_Winter,march,t,1,1465,2023_march_G_H05_1,a,shallow,A_surface,A_surface,b,w611,b,b
w612,G_H05,2023,A_Winter,march,t,60,1465,2023_march_G_H05_60,a,shallow,C_DCM,C_DCM,b,w612,b,b
w613,G_H05,2023,A_Winter,march,t,120,1465,2023_march_G_H05_120,a,shallow,C_DCM,C_DCM,b,w613,b,b
w614,G_H05,2023,A_Winter,march,t,180,1465,2023_march_G_H05_180,a,shallow,D_below_DCM,D_below_DCM,b,w614,b,b
w615,G_H05,2023,A_Winter,march,t,240,1465,2023_march_G_H05_240,a,shallow,D_below_DCM,D_below_DCM,b,w615,b,b
w616,G_H05,2023,A_Winter,march,t,375,1465,2023_march_G_H05_375,a,deep,F_300-600,F_300-600,b,w616,b,b
w617,G_H05,2023,A_Winter,march,t,550,1465,2023_march_G_H05_550,a,deep,F_300-600,F_300-600,b,w617,b,b
w618,G_H05,2023,A_Winter,march,t,800,1465,2023_march_G_H05_800,a,deep,G_below_600,G_below_600,b,w618,b,b
w619,G_H05,2023,A_Winter,march,t,1250,1465,2023_march_G_H05_1250,a,deep,G_below_600,G_below_600,b,w619,b,b
W62,G_H05,2020,A_Winter,march,t,550,1450,2020_march_H_H05_550_m,a,deep,F_300-600,F_300-600,b,W62,b,b
w620,G_H05,2023,A_Winter,march,t,1460,1465,2023_march_G_H05_1460,a,deep,H_near_bottom,G_below_600,b,w620,b,b
w621,H_H06,2023,A_Winter,march,t,1,1750,2023_march_H_H06_1,a,shallow,A_surface,A_surface,b,w621,b,b
w622,H_H06,2023,A_Winter,march,t,40,1750,2023_march_H_H06_40,a,shallow,B_nearsurface,B_nearsurface,b,w622,b,b
w623,H_H06,2023,A_Winter,march,t,100,1750,2023_march_H_H06_100,a,shallow,C_DCM,C_DCM,b,w623,b,b
w624,H_H06,2023,A_Winter,march,t,180,1750,2023_march_H_H06_180,a,shallow,D_below_DCM,D_below_DCM,b,w624,b,b
w625,H_H06,2023,A_Winter,march,t,375,1750,2023_march_H_H06_375,a,deep,F_300-600,F_300-600,b,w625,b,b
w626,H_H06,2023,A_Winter,march,t,550,1750,2023_march_H_H06_550,a,deep,F_300-600,F_300-600,b,w626,b,b
w627,H_H06,2023,A_Winter,march,t,800,1750,2023_march_H_H06_800,a,deep,G_below_600,G_below_600,b,w627,b,b
w628,H_H06,2023,A_Winter,march,t,1250,1750,2023_march_H_H06_1250,a,deep,G_below_600,G_below_600,b,w628,b,b
w629,H_H06,2023,A_Winter,march,t,1500,1750,2023_march_H_H06_1500,a,deep,G_below_600,G_below_600,b,w629,b,b
W63,G_H05,2020,A_Winter,march,t,800,1450,2020_march_H_H05_800_m,a,deep,G_below_600,G_below_600,b,W63,b,b
w630,H_H06,2023,A_Winter,march,t,1744,1750,2023_march_H_H06_1744,a,deep,H_near_bottom,G_below_600,b,w630,b,b
W64,G_H05,2020,A_Winter,march,t,1400,1450,2020_march_H_H05_1400_m,a,deep,H_near_bottom,G_below_600,b,W64,b,b
w645,A_H15,2023,Summer,august,t,1,15,2023_august_A_H15_0,a,shallow,A_surface,A_surface,b,w645,b,b
w646,A_H15,2023,Summer,august,t,15,15,2023_august_A_H15_15,a,shallow,B_nearsurface,B_nearsurface,b,w646,b,b
w647,B_H25,2023,Summer,august,t,1,25,2023_august_B_H25_0,a,shallow,A_surface,A_surface,b,w647,b,b
w648,B_H25,2023,Summer,august,t,25,25,2023_august_B_H25_25,a,shallow,B_nearsurface,B_nearsurface,b,w648,b,b
w649,NACY1,2023,Summer,august,t,1,30,2023_august_NACY1_1,a,shallow,A_surface,A_surface,b,w649,b,b
W65,H_H06,2020,A_Winter,march,t,1,1750,2020_march_I_H06_1_m,a,shallow,A_surface,A_surface,b,W65,b,b
w650,NACY1,2023,Summer,august,t,30,30,2023_august_NACY1_30,a,shallow,B_nearsurface,B_nearsurface,b,w650,b,b
w651,NACY2,2023,Summer,august,t,1,160,2023_august_NACY2_0,a,shallow,A_surface,A_surface,b,w651,b,b
w652,NACY2,2023,Summer,august,t,65,160,2023_august_NACY2_65,a,shallow,B_nearsurface,B_nearsurface,b,w652,b,b
w653,NACY2,2023,Summer,august,t,100,160,2023_august_NACY2_100,a,shallow,C_DCM,C_DCM,b,w653,b,b
w654,NACY2,2023,Summer,august,t,155,160,2023_august_NACY2_155,a,shallow,D_below_DCM,D_below_DCM,b,w654,b,b
w655,NACY3,2023,Summer,august,t,375,600,2023_august_NACY3_375,a,deep,F_300-600,F_300-600,b,w655,b,b
w656,NACY3,2023,Summer,august,t,600,600,2023_august_NACY3_600,a,deep,F_300-600,F_300-600,b,w656,b,b
w657,C_H01,2023,Summer,august,t,1,60,2023_august_C_H01_0,a,shallow,A_surface,A_surface,b,w657,b,b
w658,C_H01,2023,Summer,august,t,20,60,2023_august_C_H01_20,a,shallow,B_nearsurface,B_nearsurface,b,w658,b,b
w659,C_H01,2023,Summer,august,t,35,60,2023_august_C_H01_35,a,shallow,B_nearsurface,B_nearsurface,b,w659,b,b
W66,H_H06,2020,A_Winter,march,t,60,1750,2020_march_I_H06_60_m,a,shallow,B_nearsurface,B_nearsurface,b,W66,b,b
w660,C_H01,2023,Summer,august,t,60,60,2023_august_C_H01_60,a,shallow,B_nearsurface,B_nearsurface,b,w660,b,b
w661,I_G05,2023,Summer,august,t,1,1900,2023_august_I_G05_0,a,shallow,A_surface,A_surface,b,w661,b,b
w662,I_G05,2023,Summer,august,t,50,1900,2023_august_I_G05_50,a,shallow,B_nearsurface,B_nearsurface,b,w662,b,b
w663,I_G05,2023,Summer,august,t,110,1900,2023_august_I_G05_110,a,shallow,C_DCM,C_DCM,b,w663,b,b
w664,I_G05,2023,Summer,august,t,180,1900,2023_august_I_G05_180,a,shallow,D_below_DCM,D_below_DCM,b,w664,b,b
w665,I_G05,2023,Summer,august,t,240,1900,2023_august_I_G05_240,a,shallow,D_below_DCM,D_below_DCM,b,w665,b,b
w666,I_G05,2023,Summer,august,t,375,1900,2023_august_I_G05_375,a,deep,F_300-600,F_300-600,b,w666,b,b
w667,I_G05,2023,Summer,august,t,550,1900,2023_august_I_G05_550,a,deep,F_300-600,F_300-600,b,w667,b,b
w668,H_H06,2023,Summer,august,t,1,2000,2023_august_H_H06_0,a,shallow,A_surface,A_surface,b,w668,b,b
w669,H_H06,2023,Summer,august,t,50,2000,2023_august_H_H06_50,a,shallow,B_nearsurface,B_nearsurface,b,w669,b,b
W67,H_H06,2020,A_Winter,march,t,180,1750,2020_march_I_H06_180_m,a,shallow,D_below_DCM,D_below_DCM,b,W67,b,b
w670,H_H06,2023,Summer,august,t,110,2000,2023_august_H_H06_110,a,shallow,C_DCM,C_DCM,b,w670,b,b
w671,H_H06,2023,Summer,august,t,180,2000,2023_august_H_H06_180,a,shallow,D_below_DCM,D_below_DCM,b,w671,b,b
w672,H_H06,2023,Summer,august,t,240,2000,2023_august_H_H06_240,a,shallow,D_below_DCM,D_below_DCM,b,w672,b,b
w673,H_H06,2023,Summer,august,t,375,2000,2023_august_H_H06_375,a,deep,F_300-600,F_300-600,b,w673,b,b
w674,H_H06,2023,Summer,august,t,550,2000,2023_august_H_H06_550,a,deep,F_300-600,F_300-600,b,w674,b,b
w675,G_H05,2023,Summer,august,t,1,1450,2023_august_G_H05_0,a,shallow,A_surface,A_surface,b,w675,b,b
w676,G_H05,2023,Summer,august,t,50,1450,2023_august_G_H05_50,a,shallow,B_nearsurface,B_nearsurface,b,w676,b,b
w677,G_H05,2023,Summer,august,t,110,1450,2023_august_G_H05_110,a,shallow,C_DCM,C_DCM,b,w677,b,b
w678,G_H05,2023,Summer,august,t,180,1450,2023_august_G_H05_180,a,shallow,D_below_DCM,D_below_DCM,b,w678,b,b
w679,G_H05,2023,Summer,august,t,240,1450,2023_august_G_H05_240,a,shallow,D_below_DCM,D_below_DCM,b,w679,b,b
W68,H_H06,2020,A_Winter,march,t,375,1750,2020_march_I_H06_375_m,a,deep,F_300-600,F_300-600,b,W68,b,b
w680,G_H05,2023,Summer,august,t,375,1450,2023_august_G_H05_375,a,deep,F_300-600,F_300-600,b,w680,b,b
w681,G_H05,2023,Summer,august,t,550,1450,2023_august_G_H05_550,a,deep,F_300-600,F_300-600,b,w681,b,b
w682,F_H04,2023,Summer,august,t,1,1110,2023_august_F_H04_0,a,shallow,A_surface,A_surface,b,w682,b,b
w683,F_H04,2023,Summer,august,t,50,1110,2023_august_F_H04_50,a,shallow,B_nearsurface,B_nearsurface,b,w683,b,b
w684,F_H04,2023,Summer,august,t,140,1110,2023_august_F_H04_140,a,shallow,C_DCM,C_DCM,b,w684,b,b
w685,F_H04,2023,Summer,august,t,180,1110,2023_august_F_H04_180,a,shallow,D_below_DCM,D_below_DCM,b,w685,b,b
w686,F_H04,2023,Summer,august,t,375,1110,2023_august_F_H04_375,a,deep,F_300-600,F_300-600,b,w686,b,b
w687,F_H04,2023,Summer,august,t,550,1110,2023_august_F_H04_550,a,deep,F_300-600,F_300-600,b,w687,b,b
w688,F_H04,2023,Summer,august,t,800,1110,2023_august_F_H04_800,a,deep,G_below_600,G_below_600,b,w688,b,b
w689,F_H04,2023,Summer,august,t,1100,1110,2023_august_F_H04_1100,a,deep,H_near_bottom,G_below_600,b,w689,b,b
W69,H_H06,2020,A_Winter,march,t,550,1750,2020_march_I_H06_550_m,a,deep,F_300-600,F_300-600,b,W69,b,b
w690,E_H03,2023,Summer,august,t,1,590,2023_august_E_H03_0,a,shallow,A_surface,A_surface,b,w690,b,b
w691,E_H03,2023,Summer,august,t,50,590,2023_august_E_H03_50,a,shallow,B_nearsurface,B_nearsurface,b,w691,b,b
w692,E_H03,2023,Summer,august,t,130,590,2023_august_E_H03_130,a,shallow,C_DCM,C_DCM,b,w692,b,b
w693,E_H03,2023,Summer,august,t,180,590,2023_august_E_H03_180,a,shallow,D_below_DCM,D_below_DCM,b,w693,b,b
w694,E_H03,2023,Summer,august,t,240,590,2023_august_E_H03_240,a,shallow,D_below_DCM,D_below_DCM,b,w694,b,b
w695,E_H03,2023,Summer,august,t,375,590,2023_august_E_H03_375,a,deep,F_300-600,F_300-600,b,w695,b,b
w696,E_H03,2023,Summer,august,t,578,590,2023_august_E_H03_578,a,deep,F_300-600,F_300-600,b,w696,b,b
w697,D_H02,2023,Summer,august,t,1,295,2023_august_D_H02_0,a,shallow,A_surface,A_surface,b,w697,b,b
w698,D_H02,2023,Summer,august,t,40,295,2023_august_D_H02_40,a,shallow,B_nearsurface,B_nearsurface,b,w698,b,b
w699,D_H02,2023,Summer,august,t,60,295,2023_august_D_H02_60,a,shallow,B_nearsurface,B_nearsurface,b,w699,b,b
W7,U_DL,2020,A_Winter,february,t,700,1500,2020_february_U_DL_700_m,a,deep,F_300-600,F_300-600,b,W7,b,b
W70,H_H06,2020,A_Winter,march,t,800,1750,2020_march_I_H06_800_m,a,deep,G_below_600,G_below_600,b,W70,b,b
w700,D_H02,2023,Summer,august,t,130,295,2023_august_D_H02_130,a,shallow,C_DCM,C_DCM,b,w700,b,b
w701,D_H02,2023,Summer,august,t,240,295,2023_august_D_H02_240,a,shallow,D_below_DCM,D_below_DCM,b,w701,b,b
w702,D_H02,2023,Summer,august,t,287,295,2023_august_D_H02_287,a,deep,D_below_DCM,D_below_DCM,b,w702,b,b
w703,A_H15,2024,A_Winter,march,t,1,15,2024_march_A_H15_0,a,shallow,A_surface,A_surface,b,w703,b,b
w704,A_H15,2024,A_Winter,march,t,15,15,2024_march_A_H15_15,a,shallow,B_nearsurface,B_nearsurface,b,w704,b,b
w705,B_H25,2024,A_Winter,march,t,1,25,2024_march_B_H25_0,a,shallow,A_surface,A_surface,b,w705,a,b
w706,B_H25,2024,A_Winter,march,t,25,25,2024_march_B_H25_25,a,shallow,B_nearsurface,B_nearsurface,b,w706,a,b
w707,C_H01,2024,A_Winter,march,t,0,67,2024_march_C_H01_0,a,shallow,A_surface,A_surface,b,w707,a,b
w708,C_H01,2024,A_Winter,march,t,20,67,2024_march_C_H01_20,a,shallow,B_nearsurface,B_nearsurface,b,w708,a,b
w709,C_H01,2024,A_Winter,march,t,35,67,2024_march_C_H01_35,a,shallow,B_nearsurface,B_nearsurface,b,w709,a,b
W71,H_H06,2020,A_Winter,march,t,1350,1750,2020_march_I_H06_1350_m,a,deep,G_below_600,G_below_600,b,W71,b,b
w710,C_H01,2024,A_Winter,march,t,65,67,2024_march_C_H01_65,a,shallow,B_nearsurface,B_nearsurface,b,w710,a,b
w711,D_H02,2024,A_Winter,march,t,1,245,2024_march_D_H02_0,a,shallow,A_surface,A_surface,b,w711,a,b
w712,D_H02,2024,A_Winter,march,t,60,245,2024_march_D_H02_60,a,shallow,B_nearsurface,B_nearsurface,b,w712,a,b
w713,D_H02,2024,A_Winter,march,t,130,245,2024_march_D_H02_130,a,shallow,C_DCM,C_DCM,b,w713,a,b
w714,D_H02,2024,A_Winter,march,t,150,245,2024_march_D_H02_150,a,shallow,C_DCM,C_DCM,b,w714,a,b
w715,D_H02,2024,A_Winter,march,t,240,245,2024_march_D_H02_240,a,shallow,D_below_DCM,D_below_DCM,b,w715,a,b
w716,E_H03,2024,A_Winter,march,t,1,600,2024_march_E_H03_0,a,shallow,A_surface,A_surface,b,w716,a,b
w717,E_H03,2024,A_Winter,march,t,60,600,2024_march_E_H03_60,a,shallow,B_nearsurface,B_nearsurface,b,w717,a,b
w718,E_H03,2024,A_Winter,march,t,100,600,2024_march_E_H03_100,a,shallow,C_DCM,C_DCM,b,w718,a,b
w719,E_H03,2024,A_Winter,march,t,145,600,2024_march_E_H03_145,a,deep,D_below_DCM,D_below_DCM,b,w719,a,b
W72,H_H06,2020,A_Winter,march,t,1750,1750,2020_march_I_H06_1750_m,a,deep,H_near_bottom,G_below_600,b,W72,b,b
w720,E_H03,2024,A_Winter,march,t,375,600,2024_march_E_H03_375,a,deep,F_300-600,F_300-600,b,w720,a,b
w721,E_H03,2024,A_Winter,march,t,480,600,2024_march_E_H03_480,a,deep,F_300-600,F_300-600,b,w721,a,b
w722,E_H03,2024,A_Winter,march,t,582,600,2024_march_E_H03_582,a,shallow,F_300-600,F_300-600,b,w722,a,b
w723,F_H04,2024,A_Winter,march,t,1,1110,2024_march_F_H04_0,a,shallow,A_surface,A_surface,b,w723,b,b
w724,F_H04,2024,A_Winter,march,t,50,1110,2024_march_F_H04_50,a,shallow,B_nearsurface,B_nearsurface,b,w724,b,b
w725,F_H04,2024,A_Winter,march,t,125,1110,2024_march_F_H04_125,a,shallow,C_DCM,C_DCM,b,w725,b,b
w726,F_H04,2024,A_Winter,march,t,155,1110,2024_march_F_H04_155,a,shallow,D_below_DCM,D_below_DCM,b,w726,b,b
w727,F_H04,2024,A_Winter,march,t,400,1110,2024_march_F_H04_400,a,deep,F_300-600,F_300-600,b,w727,b,b
w728,F_H04,2024,A_Winter,march,t,550,1110,2024_march_F_H04_550,a,deep,F_300-600,F_300-600,b,w728,b,b
w729,F_H04,2024,A_Winter,march,t,800,1110,2024_march_F_H04_800,a,deep,G_below_600,G_below_600,b,w729,b,b
w730,F_H04,2024,A_Winter,march,t,1120,1125,2024_march_F_H04_1120,a,deep,H_near_bottom,G_below_600,b,w730,b,b
w731,G_H05,2024,A_Winter,march,t,1,1450,2024_march_G_H05_0,a,shallow,A_surface,A_surface,b,w731,b,b
w732,G_H05,2024,A_Winter,march,t,60,1450,2024_march_G_H05_60,a,shallow,B_nearsurface,B_nearsurface,b,w732,b,b
w733,G_H05,2024,A_Winter,march,t,100,1450,2024_march_G_H05_100,a,shallow,C_DCM,C_DCM,b,w733,b,b
w734,G_H05,2024,A_Winter,march,t,180,1450,2024_march_G_H05_180,a,shallow,D_below_DCM,D_below_DCM,b,w734,b,b
w735,G_H05,2024,A_Winter,march,t,375,1450,2024_march_G_H05_375,a,deep,F_300-600,F_300-600,b,w735,b,b
w736,G_H05,2024,A_Winter,march,t,550,1450,2024_march_G_H05_550,a,deep,F_300-600,F_300-600,b,w736,b,b
w737,G_H05,2024,A_Winter,march,t,800,1450,2024_march_G_H05_800,a,deep,F_300-600,F_300-600,b,w737,b,b
w738,G_H05,2024,A_Winter,march,t,1000,1450,2024_march_G_H05_1000,a,deep,G_below_600,G_below_600,b,w738,b,b
w739,G_H05,2024,A_Winter,march,t,1200,1450,2024_march_G_H05_1200,a,deep,G_below_600,G_below_600,b,w739,b,b
w740,G_H05,2024,A_Winter,march,t,1350,1450,2024_march_G_H05_1350,a,deep,G_below_600,G_below_600,b,w740,b,b
w741,G_H05,2024,A_Winter,march,t,1450,1450,2024_march_G_H05_1450,a,deep,H_near_bottom,G_below_600,b,w741,b,b
w742,H_H06,2024,A_Winter,march,t,1,1755,2024_march_H_H06_0,a,shallow,A_surface,A_surface,b,w742,b,b
w743,H_H06,2024,A_Winter,march,t,50,1755,2024_march_H_H06_50,a,shallow,B_nearsurface,B_nearsurface,b,w743,b,b
w744,H_H06,2024,A_Winter,march,t,110,1755,2024_march_H_H06_110,a,shallow,C_DCM,C_DCM,b,w744,b,b
w745,H_H06,2024,A_Winter,march,t,150,1755,2024_march_H_H06_150,a,shallow,D_below_DCM,D_below_DCM,b,w745,b,b
w746,H_H06,2024,A_Winter,march,t,180,1755,2024_march_H_H06_180,a,shallow,D_below_DCM,D_below_DCM,b,w746,b,b
w747,H_H06,2024,A_Winter,march,t,375,1755,2024_march_H_H06_375,a,deep,F_300-600,F_300-600,b,w747,b,b
w748,H_H06,2024,A_Winter,march,t,520,1755,2024_march_H_H06_520,a,deep,F_300-600,F_300-600,b,w748,b,b
w749,H_H06,2024,A_Winter,march,t,800,1755,2024_march_H_H06_800,a,deep,G_below_600,G_below_600,b,w749,b,b
w750,H_H06,2024,A_Winter,march,t,1000,1755,2024_march_H_H06_1000,a,deep,G_below_600,G_below_600,b,w750,b,b
w751,H_H06,2024,A_Winter,march,t,1250,1755,2024_march_H_H06_1250,a,deep,G_below_600,G_below_600,b,w751,b,b
w752,H_H06,2024,A_Winter,march,t,1500,1755,2024_march_H_H06_1500,a,deep,G_below_600,G_below_600,b,w752,b,b
w753,H_H06,2024,A_Winter,march,t,1752,1755,2024_march_H_H06_1752,a,deep,H_near_bottom,G_below_600,b,w753,b,b
w766,A_H15,2024,Summer,august,t,15,15,2024_august_A_H15_15,a,shallow,B_nearsurface,B_nearsurface,b,w766,b,b
w767,A_H15,2024,Summer,august,t,1,15,2024_august_A_H15_0,a,shallow,A_surface,A_surface,b,w767,b,b
w768,B_H25,2024,Summer,august,t,25,25,2024_august_B_H25_0,a,shallow,B_nearsurface,B_nearsurface,b,w768,b,b
w769,B_H25,2024,Summer,august,t,1,25,2024_august_B_H25_25,a,shallow,A_surface,A_surface,b,w769,b,b
w770,C_H01,2024,Summer,august,t,1,65,2024_august_C_H01_0,a,shallow,A_surface,A_surface,b,w770,b,b
w771,C_H01,2024,Summer,august,t,15,65,2024_august_C_H01_15,a,shallow,B_nearsurface,B_nearsurface,b,w771,b,b
w772,C_H01,2024,Summer,august,t,32,65,2024_august_C_H01_32,a,shallow,B_nearsurface,B_nearsurface,b,w772,b,b
w773,C_H01,2024,Summer,august,t,48,65,2024_august_C_H01_48,a,shallow,B_nearsurface,B_nearsurface,b,w773,b,b
w774,D_H02,2024,Summer,august,t,1,270,2024_august_D_H02_1,a,shallow,A_surface,A_surface,b,w774,b,b
w775,D_H02,2024,Summer,august,t,60,270,2024_august_D_H02_60,a,shallow,B_nearsurface,B_nearsurface,b,w775,b,b
w776,D_H02,2024,Summer,august,t,80,270,2024_august_D_H02_80,a,shallow,B_nearsurface,B_nearsurface,b,w776,b,b
w777,D_H02,2024,Summer,august,t,100,270,2024_august_D_H02_100,a,shallow,C_DCM,C_DCM,b,w777,b,b
w778,D_H02,2024,Summer,august,t,180,270,2024_august_D_H02_180,a,shallow,D_below_DCM,D_below_DCM,b,w778,b,b
w779,D_H02,2024,Summer,august,t,265,270,2024_august_D_H02_265,a,deep,D_below_DCM,D_below_DCM,b,w779,b,b
w780,E_H03,2024,Summer,august,t,1,700,2024_august_E_H03_0,a,shallow,A_surface,A_surface,b,w780,b,b
w781,E_H03,2024,Summer,august,t,62,700,2024_august_E_H03_62,a,shallow,B_nearsurface,B_nearsurface,b,w781,b,b
w782,E_H03,2024,Summer,august,t,120,700,2024_august_E_H03_120,a,shallow,C_DCM,C_DCM,b,w782,b,b
w783,E_H03,2024,Summer,august,t,180,700,2024_august_E_H03_180,a,shallow,D_below_DCM,D_below_DCM,b,w783,b,b
w784,E_H03,2024,Summer,august,t,220,700,2024_august_E_H03_220,a,deep,D_below_DCM,D_below_DCM,b,w784,b,b
w785,E_H03,2024,Summer,august,t,375,700,2024_august_E_H03_375,a,deep,F_300-600,F_300-600,b,w785,b,b
w786,F_H04,2024,Summer,august,t,680,700,2024_august_F_H04_680,a,shallow,G_below_600,G_below_600,b,w786,b,b
w787,F_H04,2024,Summer,august,t,1,1150,2024_august_F_H04_1,a,shallow,A_surface,A_surface,b,w787,b,b
w788,F_H04,2024,Summer,august,t,60,1150,2024_august_F_H04_60,a,shallow,B_nearsurface,B_nearsurface,b,w788,b,b
w789,F_H04,2024,Summer,august,t,130,1150,2024_august_F_H04_130,a,shallow,C_DCM,C_DCM,b,w789,b,b
w790,F_H04,2024,Summer,august,t,150,1150,2024_august_F_H04_150,a,shallow,C_DCM,C_DCM,b,w790,b,b
w791,F_H04,2024,Summer,august,t,212,1150,2024_august_F_H04_212,a,deep,D_below_DCM,D_below_DCM,b,w791,b,b
w792,F_H04,2024,Summer,august,t,375,1150,2024_august_F_H04_375,a,deep,F_300-600,F_300-600,b,w792,b,b
w793,F_H04,2024,Summer,august,t,650,1150,2024_august_F_H04_650,a,deep,F_300-600,F_300-600,b,w793,b,b
w794,F_H04,2024,Summer,august,t,800,1150,2024_august_G_H05_800,a,deep,G_below_600,G_below_600,b,w794,b,b
w795,F_H04,2024,Summer,august,t,1104,1150,2024_august_G_H05_1104,a,deep,H_near_bottom,G_below_600,b,w795,b,b
w796,G_H05,2024,Summer,august,t,1,1450,2024_august_G_H05_1,a,shallow,A_surface,A_surface,b,w796,b,b
w797,G_H05,2024,Summer,august,t,50,1450,2024_august_G_H05_50,a,shallow,B_nearsurface,B_nearsurface,b,w797,b,b
w798,G_H05,2024,Summer,august,t,140,1450,2024_august_G_H05_140,a,shallow,C_DCM,C_DCM,b,w798,b,b
w799,G_H05,2024,Summer,august,t,180,1450,2024_august_G_H05_180,a,shallow,D_below_DCM,D_below_DCM,b,w799,b,b
W8,U_DL,2020,A_Winter,february,t,550,1500,2020_february_U_DL_550_m,a,deep,D_below_DCM,D_below_DCM,b,W8,b,b
w800,G_H05,2024,Summer,august,t,375,1450,2024_august_G_H05_375,a,deep,F_300-600,F_300-600,b,w800,b,b
w801,G_H05,2024,Summer,august,t,550,1450,2024_august_G_H05_550,a,deep,F_300-600,F_300-600,b,w801,b,b
w802,G_H05,2024,Summer,august,t,800,1450,2024_august_G_H05_800,a,deep,G_below_600,G_below_600,b,w802,b,b
w803,G_H05,2024,Summer,august,t,1000,1450,2024_august_G_H05_1000,a,deep,G_below_600,G_below_600,b,w803,b,b
w804,G_H05,2024,Summer,august,t,1200,1450,2024_august_G_H05_1200,a,deep,G_below_600,G_below_600,b,w804,b,b
w805,G_H05,2024,Summer,august,t,1350,1450,2024_august_H_H06_1350,a,deep,G_below_600,G_below_600,b,w805,b,b
w806,G_H05,2024,Summer,august,t,1468,1450,2024_august_H_H06_1468,a,deep,H_near_bottom,G_below_600,b,w806,b,b
w807,H_H06,2024,Summer,august,t,180,1740,2024_august_H_H06_180,a,shallow,D_below_DCM,D_below_DCM,b,w807,b,b
w808,H_H06,2024,Summer,august,t,375,1740,2024_august_H_H06_375,a,deep,F_300-600,F_300-600,b,w808,b,b
w809,H_H06,2024,Summer,august,t,550,1740,2024_august_H_H06_550,a,deep,F_300-600,F_300-600,b,w809,b,b
w810,H_H06,2024,Summer,august,t,800,1740,2024_august_H_H06_800,a,deep,G_below_600,G_below_600,b,w810,b,b
w811,H_H06,2024,Summer,august,t,1,1740,2024_august_H_H06_1,a,shallow,A_surface,A_surface,b,w811,b,b
w812,H_H06,2024,Summer,august,t,55,1740,2024_august_H_H06_55,a,shallow,B_nearsurface,B_nearsurface,b,w812,b,b
w813,H_H06,2024,Summer,august,t,115,1740,2024_august_H_H06_115,a,shallow,C_DCM,C_DCM,b,w813,b,b
w814,H_H06,2024,Summer,august,t,160,1740,2024_august_H_H06_160,a,shallow,D_below_DCM,D_below_DCM,b,w814,b,b
w815,H_H06,2024,Summer,august,t,1000,1740,2024_august_H_H06_1000,a,deep,G_below_600,G_below_600,b,w815,b,b
w816,H_H06,2024,Summer,august,t,1550,1740,2024_august_H_H06_1550,a,deep,G_below_600,G_below_600,b,w816,b,b
w817,H_H06,2024,Summer,august,t,1737,1740,2024_august_H_H06_1737,a,deep,H_near_bottom,G_below_600,b,w817,b,b
W9,U_DL,2020,A_Winter,february,t,280,1500,2020_february_U_DL_280_m,a,shallow,D_below_DCM,D_below_DCM,b,W9,b,b
w967,A_H15,2026,A_Winter,may,t,1,15,2025_august_A_H15_1,a,shallow,B_nearsurface,B_nearsurface,b,w967,a,b
w968,A_H15,2026,A_Winter,may,t,15,15,2025_august_A_H15_15,a,shallow,A_surface,A_surface,b,w968,a,b
w969,B_H25,2026,A_Winter,may,t,1,25,2025_august_B_H25_1,a,shallow,B_nearsurface,B_nearsurface,b,w969,a,b
w970,B_H25,2026,A_Winter,may,t,25,25,2025_august_B_H25_25,a,shallow,A_surface,A_surface,b,w970,a,b
w971,C_H01,2026,A_Winter,may,t,1,55,2025_august_C_H01_1,a,shallow,A_surface,A_surface,b,w971,a,b
w972,C_H01,2026,A_Winter,may,t,20,55,2025_august_C_H01_20,a,shallow,B_nearsurface,B_nearsurface,b,w972,a,b
w973,C_H01,2026,A_Winter,may,t,35,55,2025_august_C_H01_35,a,shallow,B_nearsurface,B_nearsurface,b,w973,a,b
w974,C_H01,2026,A_Winter,may,t,50,55,2025_august_C_H01_50,a,shallow,B_nearsurface,B_nearsurface,b,w974,a,b
w975,D_H02,2026,A_Winter,may,t,1,350,2025_august_D_H02_1,a,shallow,A_surface,A_surface,b,w975,a,b
w976,D_H02,2026,A_Winter,may,t,40,350,2025_august_D_H02_50,a,shallow,B_nearsurface,B_nearsurface,b,w976,a,b
w977,D_H02,2026,A_Winter,may,t,85,350,2025_august_D_H02_90,a,shallow,C_DCM,C_DCM,b,w977,a,b
w978,D_H02,2026,A_Winter,may,t,150,350,2025_august_D_H02_140,a,shallow,D_below_DCM,D_below_DCM,b,w978,a,b
w979,D_H02,2026,A_Winter,may,t,220,350,2025_august_D_H02_240,a,shallow,D_below_DCM,D_below_DCM,b,w979,a,b
w980,D_H02,2026,A_Winter,may,t,300,350,2025_august_D_H02_340,a,deep,F_300-600,F_300-600,b,w980,a,b
w981,E_H03,2026,A_Winter,may,t,1,610,2025_august_E_H03_1,a,shallow,A_surface,A_surface,b,w981,a,b
w982,E_H03,2026,A_Winter,may,t,40,610,2025_august_E_H03_50,a,shallow,B_nearsurface,B_nearsurface,b,w982,a,b
w983,E_H03,2026,A_Winter,may,t,85,610,2025_august_E_H03_120,a,shallow,C_DCM,C_DCM,b,w983,a,b
w984,E_H03,2026,A_Winter,may,t,200,610,2025_august_E_H03_160,a,shallow,D_below_DCM,D_below_DCM,b,w984,a,b
w985,E_H03,2026,A_Winter,may,t,240,610,2026_august_E_H03_240,a,shallow,D_below_DCM,D_below_DCM,b,w985,a,b
w986,E_H03,2026,A_Winter,may,t,375,610,2025_august_E_H03_375,a,deep,F_300-600,F_300-600,b,w986,a,b
w987,E_H03,2026,A_Winter,may,t,600,610,2025_august_E_H03_600,a,deep,H_near_bottom,G_below_600,b,w987,a,b
w988,F_H04,2026,A_Winter,may,t,1,1125,2025_august_F_H04_1,a,shallow,A_surface,A_surface,b,w988,a,b
w990,F_H04,2026,A_Winter,may,t,85,1125,2025_august_F_H04_115,a,shallow,C_DCM,C_DCM,b,w990,a,a
w991,F_H04,2026,A_Winter,may,t,180,1125,2025_august_F_H04_150,a,shallow,D_below_DCM,D_below_DCM,b,w991,a,a
w992,F_H04,2026,A_Winter,may,t,240,1125,2025_august_F_H04_240,a,shallow,D_below_DCM,D_below_DCM,b,w992,a,a
w993,F_H04,2026,A_Winter,may,t,375,1125,2025_august_F_H04_375,a,deep,F_300-600,F_300-600,b,w993,a,a
w994,F_H04,2026,A_Winter,may,t,550,1125,2025_august_F_H04_550,a,deep,F_300-600,F_300-600,b,w994,a,a
w995,F_H04,2026,A_Winter,may,t,800,1125,2025_august_F_H04_800,a,deep,G_below_600,G_below_600,b,w995,a,a
w996,F_H04,2026,A_Winter,may,t,1100,1125,2025_august_F_H04_1118,a,deep,H_near_bottom,G_below_600,b,w996,a,a
w998,G_H05,2026,A_Winter,may,t,40,1465,2025_august_G_H05_60,a,shallow,B_nearsurface,B_nearsurface,b,w998,a,a
