sample-id,bona_fide_phototrophy,constitutive_mixotrophy,parasitism,phagotrophy_radiolaria,diplonemid_heterotrophy,ds2,depth,station,year,season,cruise
HS53_1,14.972404055962011,3.9917853934026444,3.1189834424335774,0.0,0.0,B_nearsurface,1,A_H15,2025,A_Winter,NM03_25
HS53_10,2.6187407952871866,2.885677466863034,40.068114874815905,1.638438880706922,0.2255154639175258,B_nearsurface,70,D_H02,2025,A_Winter,NM03_25
HS53_11,4.875931989427591,1.4517337962049788,26.11937354530751,39.24415164306285,0.36293344905124464,C_DCM,140,D_H02,2025,A_Winter,NM03_25
HS53_12,2.977632805219012,2.819198508853681,36.230195712954334,2.1621621621621623,0.31220876048462254,D_below_DCM,180,D_H02,2025,A_Winter,NM03_25
HS53_13,0.5250978996084016,0.0,51.02349590601638,30.713777144891417,4.4499822000712,D_below_DCM,249,D_H02,2025,A_Winter,NM03_25
HS53_14,0.3199224430441105,0.0,52.32670867668443,30.145419292292782,7.547261269995153,F_300-600,325,D_H02,2025,A_Winter,NM03_25
HS53_15,0.554684673821295,4.099843241287833,28.180393102616662,0.3436633305197154,0.1266128059809478,A_surface,1,E_H03,2025,A_Winter,NM03_25
HS53_16,0.9922668405851114,3.4379949687878506,37.65023758501817,1.5279977639057114,0.38199944097642785,B_nearsurface,80,E_H03,2025,A_Winter,NM03_25
HS53_17,1.5392584918226893,0.3996151853770443,44.19447939021683,19.188929179308815,3.293125138755273,C_DCM,180,E_H03,2025,A_Winter,NM03_25
HS53_18,0.3601808567706338,0.0,51.023066901678284,32.42394053184152,4.693846271744961,D_below_DCM,240,E_H03,2025,A_Winter,NM03_25
HS53_19,0.21640337589266392,0.0,59.76520233715645,21.18048041549448,7.644449253408354,F_300-600,375,E_H03,2025,A_Winter,NM03_25
HS53_2,14.283420313127255,10.100361300682456,14.315535929345645,0.09634684865515857,0.07226013649136892,A_surface,15,A_H15,2025,A_Winter,NM03_25
HS53_20,0.1945272986642459,0.0,58.65214196169975,16.83741840660528,16.68611939653309,H_near_bottom,685,E_H03,2025,A_Winter,NM03_25
HS53_21,1.2167969761300679,3.9144617615077926,26.686687723295186,0.5333195257080723,0.34691658468389175,A_surface,1,F_H04,2025,A_Winter,NM03_25
HS53_22,11.985298340320451,2.5842761155458565,33.04427726411302,5.047952679032907,0.9935105955320737,B_nearsurface,90,F_H04,2025,A_Winter,NM03_25
HS53_23,7.814808734197997,1.253215126142396,40.387456903628305,12.64160236414382,1.8004706397416952,C_DCM,120,F_H04,2025,A_Winter,NM03_25
HS53_24,0.9929581032473783,0.08105780434672476,47.90516236891433,30.057247074319875,3.4094938953341103,D_below_DCM,180,F_H04,2025,A_Winter,NM03_25
HS53_25,0.12420645873585426,0.0,45.91038734014169,37.34014168736774,6.440334897414665,D_below_DCM,240,F_H04,2025,A_Winter,NM03_25
HS53_26,0.31080440394036773,0.0,51.651477637886536,28.167307591002476,8.091450244956013,F_300-600,375,F_H04,2025,A_Winter,NM03_25
HS53_27,0.11710091589644933,0.041821755677303334,54.1842666555142,19.070720588850318,13.244950023001964,F_300-600,550,F_H04,2025,A_Winter,NM03_25
HS53_28,0.13495768894076451,0.07295010213014298,49.711847096585934,19.60169244236942,22.052815873942222,G_below_600,800,F_H04,2025,A_Winter,NM03_25
HS53_29,0.0,0.0,55.05764224618818,15.052063964298995,21.12774265526218,H_near_bottom,1120,F_H04,2025,A_Winter,NM03_25
HS53_3,17.431489440362313,7.565044595406443,8.678774435047828,17.547021581403946,0.0,B_nearsurface,1,B_H25,2025,A_Winter,NM03_25
HS53_30,1.944184672933996,4.405177929812472,35.49736673721514,0.3297730964217158,0.2657872717428754,A_surface,1,G_H05,2025,A_Winter,NM03_25
HS53_31,1.8582881505167064,1.9138977709810463,49.15890449047686,10.208999490245146,0.6858519857268641,B_nearsurface,90,G_H05,2025,A_Winter,NM03_25
HS53_32,3.4910783553141975,0.7757951900698216,45.443695172166855,11.147580115772513,1.5038491376738077,C_DCM,140,G_H05,2025,A_Winter,NM03_25
HS53_33,1.519369978521995,0.46137936520563205,39.87749582372127,12.926577042399174,1.002306896826028,D_below_DCM,180,G_H05,2025,A_Winter,NM03_25
HS53_34,0.16475218525467944,0.1555992860738639,45.842295547114546,35.609354262962796,5.244611230607295,D_below_DCM,240,G_H05,2025,A_Winter,NM03_25
HS53_35,0.04828585224529213,0.0,47.56156446161273,26.49927571221632,8.676967648478996,F_300-600,375,G_H05,2025,A_Winter,NM03_25
HS53_36,0.06859004586959318,0.03429502293479659,47.79011445963904,21.99597033480516,15.707120504136837,F_300-600,550,G_H05,2025,A_Winter,NM03_25
HS53_37,0.08131518472688704,0.0,44.00565670850274,21.6156973660951,22.85663779388368,G_below_600,800,G_H05,2025,A_Winter,NM03_25
HS53_38,0.043079309007883516,0.0,55.06397277387671,16.671692586050916,21.35010554430707,G_below_600,1000,G_H05,2025,A_Winter,NM03_25
HS53_39,0.030417590057793424,0.0,53.86955199235216,13.179507235041063,17.068613392430365,G_below_600,1250,G_H05,2025,A_Winter,NM03_25
HS53_4,13.370660694288912,8.951101157148189,26.16648002986189,0.4106009705113849,0.2687569988801792,A_surface,25,B_H25,2025,A_Winter,NM03_25
HS53_40,0.05804953560371516,0.0,48.544891640866865,14.791021671826623,26.795665634674922,H_near_bottom,1460,G_H05,2025,A_Winter,NM03_25
HS53_41,0.6094022054556008,4.084445734184562,40.42367962855484,1.545269878119559,0.07980266976204295,A_surface,1,H_H06,2025,A_Winter,NM03_25
HS53_42,0.5518625360591998,3.4052426940925624,40.81901417283331,1.806095572557381,0.21321961620469082,B_nearsurface,50,H_H06,2025,A_Winter,NM03_25
HS53_43,2.193966591872351,0.9058422670988115,41.62719188897199,13.72060167871686,1.0969832959361754,C_DCM,110,H_H06,2025,A_Winter,NM03_25
HS53_44,1.1847788023812302,0.15174506828528073,40.11322516633594,13.429438543247343,1.7684136804015407,D_below_DCM,180,H_H06,2025,A_Winter,NM03_25
HS53_45,0.33444816053511706,0.159736434882444,56.74137672839812,28.283332501372737,4.2679578695153,D_below_DCM,240,H_H06,2025,A_Winter,NM03_25
HS53_46,0.10993541294489488,0.0,49.656451834547205,26.405111996701937,7.537446750034355,F_300-600,375,H_H06,2025,A_Winter,NM03_25
HS53_47,0.035188551991085566,0.0,50.99407659374817,22.36232479033488,15.73514749868043,F_300-600,550,H_H06,2025,A_Winter,NM03_25
HS53_48,0.12848966242261417,0.0350426352061675,44.469104076626564,23.49803371880232,23.536969980142505,G_below_600,800,H_H06,2025,A_Winter,NM03_25
HS53_49,0.064246707356248,0.032123353678124,50.44972695149374,16.615804690009636,24.413748795374236,G_below_600,1000,H_H06,2025,A_Winter,NM03_25
HS53_5,6.179264165362642,3.369846064267259,26.172713708650242,0.6441282433858583,0.16376141780996398,A_surface,1,C_H01,2025,A_Winter,NM03_25
HS53_50,0.024158757549611734,0.04486626402070751,52.47627264883522,17.021570319240727,20.16911130284728,G_below_600,1250,H_H06,2025,A_Winter,NM03_25
HS53_51,0.025497195308516064,0.07284912945290303,53.733517884461286,16.39469658337583,18.784148029431044,G_below_600,1500,H_H06,2025,A_Winter,NM03_25
HS53_52,0.033064682785699524,0.03719776813391197,29.94007026245092,30.374044224013225,27.09650754288076,H_near_bottom,1736,H_H06,2025,A_Winter,NM03_25
HS53_6,5.9625894166259386,3.3322966188296976,25.618696405562712,0.6886746345581375,0.1599502377038255,B_nearsurface,20,C_H01,2025,A_Winter,NM03_25
HS53_7,6.158040950715095,3.0507253832698837,27.81150324107419,0.7305278320814899,0.14404774153719518,B_nearsurface,35,C_H01,2025,A_Winter,NM03_25
HS53_8,6.145710324998716,3.393746470195616,26.61600862555835,0.6366483544693741,0.12322226215536274,B_nearsurface,53,C_H01,2025,A_Winter,NM03_25
HS53_9,1.5282730514518592,5.909322465613857,39.11360163015792,0.662251655629139,0.1782985226693836,A_surface,1,D_H02,2025,A_Winter,NM03_25
HS54_1,31.093079825684843,1.8849760617495122,13.292820243938078,0.01031450649384138,0.0,B_nearsurface,1,A_H15,2025,Summer,
HS54_10,0.09894427420052065,0.0883774099655136,44.70456008222942,25.835983054592262,12.71578017079895,F_300-600,375,H_H06,2025,Summer,
HS54_11,0.02377359270667521,0.07132077812002563,43.84884129576417,18.661236640274534,17.454985219027144,G_below_600,1500,H_H06,2025,Summer,
HS54_12,0.040677820953359665,0.10811736621814017,43.1645203763769,23.942109037969537,11.065437768286285,G_below_600,1250,H_H06,2025,Summer,
HS54_13,0.043534604948770914,0.07492001781881505,46.437249422913375,20.786255214028262,16.978495930020657,F_300-600,550,H_H06,2025,Summer,
HS54_14,0.049898124662148116,0.055095845981121876,28.249615368622393,24.76402345211859,19.808515946609006,H_near_bottom,1736,H_H06,2025,Summer,
HS54_15,0.9128588501538382,4.8516286520710965,27.05011823937753,0.32293335367559184,0.0,A_surface,1,G_H05,2025,Summer,
HS54_16,0.7981306939011263,2.8000210034393134,42.265483472918696,2.135787235159757,0.291422720470477,B_nearsurface,60,G_H05,2025,Summer,
HS54_18,3.781770256541675,0.9115786968817784,39.49808257292172,21.10542645591748,3.075205242492747,D_below_DCM,160,G_H05,2025,Summer,
HS54_19,0.3281489275259654,0.1302178283833196,35.4077901513652,51.49333805589991,3.5356744762638943,D_below_DCM,240,G_H05,2025,Summer,
HS54_2,18.537174256931145,0.0,45.88294063774873,0.0,0.0,A_surface,15,A_H15,2025,Summer,
HS54_20,0.08076104171255363,0.06502837124906916,48.85938139139737,25.436581605361695,11.075800006293068,F_300-600,375,G_H05,2025,Summer,
HS54_21,0.060070235968208985,0.07239233565399544,49.00730084406383,21.77469040724539,17.247859035179594,F_300-600,550,G_H05,2025,Summer,
HS54_22,0.024150052325113372,0.09660020930045349,45.983488519780686,19.447053246393146,21.411257502169036,G_below_600,800,G_H05,2025,Summer,
HS54_23,0.04416777086093819,0.06666833337500104,52.90132253306333,17.269598406626834,19.506320991358116,G_below_600,1000,G_H05,2025,Summer,
HS54_24,0.16025533569804945,0.12672911484071692,47.06075621743766,20.214299603720068,21.452087677772784,H_near_bottom,1467,G_H05,2025,Summer,
HS54_25,0.6908844267078884,5.191886051390444,25.490165149770494,0.4030159155796016,0.0,A_surface,1,F_H04,2025,Summer,
HS54_27,4.320410462969624,1.9084610036203216,26.005178738401785,15.59855187129876,0.8463401184396653,C_DCM,115,F_H04,2025,Summer,
HS54_28,4.099734276482079,1.0480802170229706,37.578119936670774,26.590869110335444,2.28966641051043,D_below_DCM,150,F_H04,2025,Summer,
HS54_29,0.3787804830427397,0.18548528808793954,47.31339203779995,33.742702618271274,6.263545307222212,D_below_DCM,240,F_H04,2025,Summer,
HS54_3,0.0,0.0,25.91985428051002,0.0,0.0,B_nearsurface,1,B_H25,2025,Summer,
HS54_30,0.1771260734064259,0.08519988341068585,51.00334073227058,26.20681150646847,10.987421806685948,F_300-600,375,F_H04,2025,Summer,
HS54_31,0.1475956311693174,0.06263814591088104,46.60998034458181,21.93919059995824,23.603781328072692,F_300-600,550,F_H04,2025,Summer,
HS54_32,0.2719100409770973,0.10482513261967537,50.37324100250945,22.82074902322035,15.582097137956229,G_below_600,800,F_H04,2025,Summer,
HS54_33,0.04889474223795968,0.10173260884994836,57.63349447568275,15.2259804578756,18.933305994337672,H_near_bottom,1118,F_H04,2025,Summer,
HS54_34,0.0,0.0,17.01315657326504,0.0,0.0,A_surface,1,E_H03,2025,Summer,
HS54_35,1.0259779153906348,2.873124595453623,42.91621180357644,1.6172194259547295,0.12076011245181673,B_nearsurface,50,E_H03,2025,Summer,
HS54_36,1.3718969602668536,1.3139294830724797,43.52238866684972,15.049170658286807,0.8115446807212374,C_DCM,120,E_H03,2025,Summer,
HS54_37,3.3097879393851835,0.6356496019586524,34.06351933941104,32.914635908119735,4.130201719903588,D_below_DCM,160,E_H03,2025,Summer,
HS54_38,0.2091542179433952,0.08068496048003636,54.34171255786992,29.38890934300508,7.175478038807116,D_below_DCM,240,E_H03,2025,Summer,
HS54_39,0.3750447408145162,0.07625390995813816,50.833346301685374,20.516970385471293,15.157409856985016,F_300-600,375,E_H03,2025,Summer,
HS54_4,0.0,0.0,35.60418765070354,0.0,0.0,A_surface,25,B_H25,2025,Summer,
HS54_40,0.2166205155976989,0.07152564194263643,56.78114175360438,16.381415594633534,15.98291558952456,H_near_bottom,600,E_H03,2025,Summer,
HS54_41,1.4565901194465576,6.011389568471042,25.733434756686744,0.2600686663514319,0.0,A_surface,1,D_H02,2025,Summer,
HS54_42,1.151601472938234,3.063989439310776,42.03171680678107,1.7899326061279788,0.16674772458834156,B_nearsurface,50,D_H02,2025,Summer,
HS54_43,1.0904070382650233,1.9570891574035814,38.401072267179956,14.872668272380048,0.40915458182587755,C_DCM,90,D_H02,2025,Summer,
HS54_44,1.7441737175816951,0.7729499332018577,32.928303327183656,34.74033547511504,1.444112220879191,D_below_DCM,140,D_H02,2025,Summer,
HS54_45,0.29535864978902954,0.045638508567984154,50.886075949367076,32.44036855248429,7.830879187117885,D_below_DCM,240,D_H02,2025,Summer,
HS54_46,9.132629199469951,5.025722971392938,34.05857822121755,0.5534336269389664,0.056512588666302904,B_nearsurface,50,C_H01,2025,Summer,
HS54_47,3.4029498525073745,4.929793510324483,27.84070796460177,0.5427728613569321,0.06725663716814159,A_surface,1,C_H01,2025,Summer,
HS54_48,0.7732245209024656,4.918787609354905,24.143022720416617,0.3524760649699126,0.0,B_nearsurface,20,C_H01,2025,Summer,
HS54_49,0.8989797091085544,5.945524894331576,25.223787207416585,0.48396776953429266,0.0,B_nearsurface,35,C_H01,2025,Summer,
HS54_5,1.1157415259370531,4.276403459889031,26.054563516100114,0.18898553533787224,0.02059457756887069,A_surface,1,H_H06,2025,Summer,
HS54_50,0.3849457922380139,0.057633127086482314,49.58080055675775,27.52688639749459,11.183001489761963,F_300-600,340,D_H02,2025,Summer,
HS54_6,29.572178002894354,0.0,25.556259044862518,0.0,0.0,B_nearsurface,50,H_H06,2025,Summer,
HS54_7,1.7751479289940824,1.292801256344822,39.77537227628369,16.91298129504473,0.7389438851341877,C_DCM,110,H_H06,2025,Summer,
HS54_8,2.0428997606597172,0.4956952778502479,40.91584523417915,37.00586440408807,3.8078925577649474,D_below_DCM,205,H_H06,2025,Summer,
HS54_9,0.24845017260120164,0.09197434274179099,37.02027018956271,47.05144590833621,4.038509776753186,D_below_DCM,240,H_H06,2025,Summer,
w1000,0.886710626017702,0.49655795056991314,36.21326196656295,19.689812501007623,1.733116223580054,D_below_DCM,180,G_H05,2026,A_Winter,
w1001,0.436578384841129,0.24093329951813341,40.052896634179916,22.51005398355132,1.8658744248396797,D_below_DCM,240,G_H05,2026,A_Winter,
w1002,0.8009135661486705,0.05864107035385256,46.84958565454237,36.55190506319347,8.675792040246293,F_300-600,375,G_H05,2026,A_Winter,
w1003,1.1086578663033775,0.06733374046757802,53.17486415809337,20.5853337717856,15.762358873177682,F_300-600,550,G_H05,2026,A_Winter,
w1004,0.734501878958295,0.07883741097942344,40.82858118939374,28.81901558352824,22.035056368748847,G_below_600,800,G_H05,2026,A_Winter,
w1005,0.32357588983369706,0.03574384829558281,43.53788847919331,14.066144931898561,33.920912032508085,G_below_600,1000,G_H05,2026,A_Winter,
w1006,0.43343944181457256,0.04463604007846546,45.34786745445362,30.54279774000681,18.814090893073192,H_near_bottom,1450,G_H05,2026,A_Winter,
w1007,0.44817353934308807,4.172720761281081,29.403458508134655,0.3192469047375422,0.05320781745625703,A_surface,1,H_H06,2026,A_Winter,
w1008,0.5240978030675765,5.014225511797548,38.984319849402105,1.1786852632254476,0.2417267418230047,B_nearsurface,50,H_H06,2026,A_Winter,
w1009,1.196462242973871,1.9843764029810544,53.917123103169615,6.462691927808207,0.5050731794917842,C_DCM,110,H_H06,2026,A_Winter,
w1010,0.7538571707571121,0.613241325434542,35.63570080072912,15.414361044202852,1.067638825597292,D_below_DCM,220,H_H06,2026,A_Winter,
w1011,1.1767443890092946,0.10472879605521535,42.454435700882925,22.65196584677595,16.234417955170258,F_300-600,375,H_H06,2026,A_Winter,
w1012,0.7144385730982601,0.10700116878199747,50.49467463413831,23.543549475694274,15.577724002831415,F_300-600,550,H_H06,2026,A_Winter,
w1013,0.161163574368332,0.11321408116783654,28.3128438045259,45.583984869271035,20.8806723584491,G_below_600,800,H_H06,2026,A_Winter,
w1014,0.16552503734406332,0.07536099261193126,42.43227603655008,19.53195440659947,30.296464762007293,G_below_600,1000,H_H06,2026,A_Winter,
w1015,0.07240310428309614,0.06335271624770912,51.63246374188294,14.817747810937394,25.671425662375274,G_below_600,1250,H_H06,2026,A_Winter,
w1016,0.06613329892251113,0.05968126975933931,56.17136589457383,15.441318794760953,22.106264920317436,G_below_600,1550,H_H06,2026,A_Winter,
w1017,0.12384266084802736,0.058972695641917795,26.921035560535472,22.645515126496434,20.894026065931474,H_near_bottom,1740,H_H06,2026,A_Winter,
w645,15.375951459661742,2.5796137845840827,20.774974113030684,0.04178247679255909,0.0,A_surface,1,A_H15,2023,Summer,NM08_23
w646,10.102628736046094,2.4882967230824633,29.438242707958228,0.03961109110550954,0.0,B_nearsurface,15,A_H15,2023,Summer,NM08_23
w647,7.929992163301862,2.489084599022278,38.935328581557634,0.054110534761353885,0.0,A_surface,1,B_H25,2023,Summer,NM08_23
w648,10.692801283336674,2.605106610520687,30.861907626495558,0.10026067776218169,0.0,B_nearsurface,25,B_H25,2023,Summer,NM08_23
w649,2.3120367102011996,2.958636844976414,21.22228283541379,0.10108141064724191,0.0,A_surface,1,NACY1,2023,Summer,NM08_23
w650,4.2978862854333935,3.0870063902998526,22.888743241029,0.1753236113386859,0.0,B_nearsurface,30,NACY1,2023,Summer,NM08_23
w651,1.8426657506011683,2.94057025077293,36.901408450704224,0.1181724493301271,0.0,A_surface,1,NACY2,2023,Summer,NM08_23
w652,5.975726327375952,3.478840193494192,46.913651768386295,4.735973119369695,0.6024968861338817,B_nearsurface,65,NACY2,2023,Summer,NM08_23
w653,2.608495629504677,0.8403619076828707,30.331237540254563,28.452691305014564,0.8403619076828708,C_DCM,100,NACY2,2023,Summer,NM08_23
w654,2.81002116820582,0.6652864686315104,24.092209635022915,46.193212217078774,1.304984996161809,D_below_DCM,155,NACY2,2023,Summer,NM08_23
w655,0.4258377504267362,0.021561405084898032,53.41838109783488,15.845835953642979,13.483065313089568,F_300-600,375,NACY3,2023,Summer,NM08_23
w656,0.5347029232771661,0.052766735849720345,55.17114011327259,13.51707883350336,13.721110212122277,F_300-600,600,NACY3,2023,Summer,NM08_23
w657,26.522132276954874,2.2347571477781605,25.8977781605236,0.0,0.0,A_surface,1,C_H01,2023,Summer,NM08_23
w658,21.727147450620116,2.529815070007996,26.233859031286684,0.011909015124449208,0.0,B_nearsurface,20,C_H01,2023,Summer,NM08_23
w659,7.280317547221461,6.055297016151109,31.63837941418013,1.0867779906925814,0.0,B_nearsurface,35,C_H01,2023,Summer,NM08_23
w660,3.717110903652333,5.376569436241354,39.57551393678435,1.6346904947891858,0.2743536494751081,B_nearsurface,60,C_H01,2023,Summer,NM08_23
w661,0.6827980642322921,3.369995600527937,30.11350637923449,0.16190057193136825,0.01583809942806863,A_surface,1,I_G05,2023,Summer,NM08_23
w662,2.145582835337317,3.5783713730290163,41.99186406508748,3.2525739794081643,0.41219670242638057,B_nearsurface,50,I_G05,2023,Summer,NM08_23
w663,6.399518866663697,2.5704993985833293,35.626141577939144,9.762997282487637,0.8219361161847908,C_DCM,110,I_G05,2023,Summer,NM08_23
w664,0.6722064585866774,0.26009998648831234,43.23233346845021,34.65747871909202,4.9351438994730445,D_below_DCM,180,I_G05,2023,Summer,NM08_23
w665,0.21743857360295715,0.08302200083022002,53.74488525173455,26.195417976239888,6.5468777797544915,D_below_DCM,240,I_G05,2023,Summer,NM08_23
w666,0.04133608907260484,0.07867191146076405,49.95666377758517,24.29361957463831,10.89272618174545,F_300-600,375,I_G05,2023,Summer,NM08_23
w667,0.04565753991467748,0.06563271362734886,43.5102087405653,23.109849187438467,14.617546763308459,F_300-600,550,I_G05,2023,Summer,NM08_23
w668,0.9623566000645484,5.32376844761318,15.589883519643225,0.08215239268843705,0.0,A_surface,1,H_H06,2023,Summer,NM08_23
w669,1.1366175156389633,2.9686103663985706,40.16002010723861,1.3656166219839143,0.3462913315460232,B_nearsurface,50,H_H06,2023,Summer,NM08_23
w670,8.576665604080333,2.849856550844756,40.154606311762834,10.1992349378387,1.1523748804590375,C_DCM,110,H_H06,2023,Summer,NM08_23
w671,0.7660374402757109,0.2804104331479596,55.40847497454375,26.35701417717553,5.022323176940549,D_below_DCM,180,H_H06,2023,Summer,NM08_23
w672,0.16042151120007064,0.08094663409177877,57.84740823595208,19.826038324551853,9.744502987666676,D_below_DCM,240,H_H06,2023,Summer,NM08_23
w673,0.05369945720008127,0.05950480392441439,46.81286464834112,28.28364924095091,11.52651592116339,F_300-600,375,H_H06,2023,Summer,NM08_23
w674,0.07583953247158805,0.09814527731617279,45.518218217101825,21.429129072192545,18.76582313774913,F_300-600,550,H_H06,2023,Summer,NM08_23
w675,0.7116146062472504,4.640343158820941,9.506159260888694,0.09788825340959084,0.023097228332600087,A_surface,1,G_H05,2023,Summer,NM08_23
w676,0.8404482390608325,3.033617929562433,37.72945570971184,0.659018143009605,0.19477054429028817,B_nearsurface,50,G_H05,2023,Summer,NM08_23
w677,3.035221838237861,2.2855796418473138,45.95507382972039,7.413516249520019,0.6440464970153943,C_DCM,110,G_H05,2023,Summer,NM08_23
w678,0.3420807119106285,0.08133387555917039,51.85752218740281,32.64598234576466,3.7174365476161997,D_below_DCM,180,G_H05,2023,Summer,NM08_23
w679,0.2791043192189324,0.04563302557571899,59.991510134776604,22.420672821818954,7.561286214581344,D_below_DCM,240,G_H05,2023,Summer,NM08_23
w680,0.27429799507960295,0.07776489551225858,52.6793541271951,18.2719226309985,14.573141418997256,F_300-600,375,G_H05,2023,Summer,NM08_23
w681,0.13249127765755422,0.06094598772247495,48.48032504526784,20.726052201563398,17.11433997261847,F_300-600,550,G_H05,2023,Summer,NM08_23
w682,0.7192070591079416,5.122083887344373,14.146923727789192,0.06043756799226399,0.0,A_surface,1,F_H04,2023,Summer,NM08_23
w683,5.124313897910846,2.038095508247408,48.41505098784518,1.9515792758165857,0.28365977846171303,B_nearsurface,50,F_H04,2023,Summer,NM08_23
w684,3.6266542837241698,2.0060366844671464,41.61597399582076,10.054949307329155,0.8250135438433558,C_DCM,140,F_H04,2023,Summer,NM08_23
w685,2.9537079686780285,0.9471441731920774,41.55343159834178,23.60663288807001,4.157070474435744,D_below_DCM,180,F_H04,2023,Summer,NM08_23
w686,0.16344804306500615,0.08350063069625313,56.84083358501963,18.286638122479438,11.848206513049195,F_300-600,375,F_H04,2023,Summer,NM08_23
w687,0.12572749579218462,0.06894733640216577,52.41214284265813,16.932654675237767,14.142315413785413,F_300-600,550,F_H04,2023,Summer,NM08_23
w688,0.10480508532500968,0.0,60.79834134560616,12.834066209473468,15.62279282768677,G_below_600,800,F_H04,2023,Summer,NM08_23
w689,0.3373050639565446,0.05694760820045558,35.05782372524968,14.876467496057472,39.38146136323813,H_near_bottom,1100,F_H04,2023,Summer,NM08_23
w690,25.041840537344076,5.210541583915382,25.126637359694733,0.026777943900207532,0.0,A_surface,1,E_H03,2023,Summer,NM08_23
w691,5.126272144741801,10.66465636386481,36.87649202161076,1.4851111948737277,0.24626209322779244,B_nearsurface,50,E_H03,2023,Summer,NM08_23
w692,1.622545854556759,0.6934978597221225,27.491211708156964,45.62020231006529,1.3881914054092832,C_DCM,130,E_H03,2023,Summer,NM08_23
w693,1.5288508959395035,0.30503954554587465,34.36900652090525,45.016165269329825,4.04040404040404,D_below_DCM,180,E_H03,2023,Summer,NM08_23
w694,0.3628465567905967,0.0434393765171841,57.692602529704864,27.231378561390056,3.6821259741918997,D_below_DCM,240,E_H03,2023,Summer,NM08_23
w695,0.33825033825033823,0.033000033000033,56.43665643665643,17.610467610467612,11.284361284361283,F_300-600,375,E_H03,2023,Summer,NM08_23
w696,0.7408731254772619,0.0357438788607451,50.553217761458356,23.012559099254254,13.80851029261239,F_300-600,578,E_H03,2023,Summer,NM08_23
w697,23.403731323937336,4.0990122966048235,28.5107541283928,0.056600675751579205,0.0,A_surface,1,D_H02,2023,Summer,NM08_23
w698,8.948174207628913,12.205609303234631,33.766572201048895,0.5049024398188866,0.11726766344180592,B_nearsurface,40,D_H02,2023,Summer,NM08_23
w699,3.7318614177601885,2.579323751996112,42.68208012219677,3.2371728112198848,0.3419426508366312,B_nearsurface,60,D_H02,2023,Summer,NM08_23
w700,2.273483420206277,0.560053232782522,25.90107574581347,47.776422313408005,2.1256145798676576,C_DCM,130,D_H02,2023,Summer,NM08_23
w701,0.7197631159365272,0.062257991040923236,57.072355933490236,25.870473008883156,5.753549464733126,D_below_DCM,240,D_H02,2023,Summer,NM08_23
w702,0.54677084563849,0.052314494490102434,60.4249287004067,21.90964780532258,6.4127444858835245,D_below_DCM,287,D_H02,2023,Summer,NM08_23
w703,34.3606487749197,2.315662799854884,5.833842124357376,0.08937024944032987,0.004424269774273757,A_surface,1,A_H15,2024,A_Winter,NM03_24
w704,26.387142791167854,1.3151750573432746,5.463390103602748,0.2935154634414175,0.01898614011771407,B_nearsurface,15,A_H15,2024,A_Winter,NM03_24
w705,47.95311825895212,1.353402681239314,2.7251809596855376,0.10945464423245929,0.00239681702698816,A_surface,1,B_H25,2024,A_Winter,NM03_24
w706,49.014968216178474,2.188744017804759,5.527136255860976,0.29286694434073424,0.018910282829948073,B_nearsurface,25,B_H25,2024,A_Winter,NM03_24
w707,30.304510320224246,4.636668648602735,9.929499702709588,0.7984371018432005,0.005308757326085109,A_surface,0,C_H01,2024,A_Winter,NM03_24
w708,22.170516159330575,4.635614566878709,17.61943388976647,1.22016821073304,0.033300601972420275,B_nearsurface,20,C_H01,2024,A_Winter,NM03_24
w709,22.090274811334183,4.632778015093265,17.348141819735154,1.1186102805069058,0.01708671507902606,B_nearsurface,35,C_H01,2024,A_Winter,NM03_24
w710,28.94983778387822,4.760169703019716,16.898926877963564,1.3361617169952582,0.021961567257299724,B_nearsurface,65,C_H01,2024,A_Winter,NM03_24
w711,1.525401405668171,3.9182700942300555,38.483458853674016,1.1638070379195153,0.17421185598486572,A_surface,1,D_H02,2024,A_Winter,NM03_24
w712,1.9019319278971887,3.6421668338317037,42.27697528144655,1.5701015176085713,0.22918795286883326,B_nearsurface,60,D_H02,2024,A_Winter,NM03_24
w713,3.929148568337851,0.8498057160301696,30.608601586790677,37.66288495933476,0.8348735578023845,C_DCM,130,D_H02,2024,A_Winter,NM03_24
w714,1.6292174778682402,0.24798236569843923,34.951292352543824,41.67525864827391,2.3900522629501904,C_DCM,150,D_H02,2024,A_Winter,NM03_24
w715,0.9598834370071492,0.048034200350649654,47.540248657043804,37.25732721697849,2.845225800770148,D_below_DCM,240,D_H02,2024,A_Winter,NM03_24
w716,0.9050383030291371,3.76778698418347,40.300653531909575,1.5220224384097871,0.2635286875982823,A_surface,1,E_H03,2024,A_Winter,NM03_24
w717,1.0568059748387617,3.6939381201676285,40.398520726389584,3.148763804501509,0.29041996255111013,B_nearsurface,60,E_H03,2024,A_Winter,NM03_24
w718,1.8815880208846418,3.2086916137748567,46.457538783417995,4.872614004719216,0.3602741461080541,C_DCM,100,E_H03,2024,A_Winter,NM03_24
w719,1.8564523273056408,0.33364145820093594,39.463573863308106,31.817262695707434,1.867525564735109,D_below_DCM,145,E_H03,2024,A_Winter,NM03_24
w720,0.1911789563261,0.031183152937336433,50.935203156784226,35.57327458077602,5.071779538023046,F_300-600,375,E_H03,2024,A_Winter,NM03_24
w721,0.13918313593699763,0.022903554014948972,54.13343082025555,26.86102387695506,8.155867494130964,F_300-600,480,E_H03,2024,A_Winter,NM03_24
w722,0.16167208248084405,0.02567497091507201,60.14803225418222,18.255706663457296,10.67396798652064,F_300-600,582,E_H03,2024,A_Winter,NM03_24
w723,1.037447245606592,4.248487149141416,36.501797557108716,1.1915235692115311,0.18355179420762344,A_surface,1,F_H04,2024,A_Winter,NM03_24
w724,0.9524269383517823,3.532671020388455,35.8149949904033,0.8202460134474475,0.1514950326529134,B_nearsurface,50,F_H04,2024,A_Winter,NM03_24
w725,4.473314859466656,1.2955698708028935,45.07503508835067,19.28959585417641,1.2343901824594234,C_DCM,125,F_H04,2024,A_Winter,NM03_24
w726,1.189842655171802,0.6044560339169461,34.818530147410996,36.242083976371674,3.0701754385964914,D_below_DCM,155,F_H04,2024,A_Winter,NM03_24
w727,0.19482488339537196,0.05257691389643315,53.756507602686256,28.65764365109573,7.56752746579275,F_300-600,400,F_H04,2024,A_Winter,NM03_24
w728,0.3955060160518893,0.08209900936133102,55.31054546445555,19.526278496191424,13.698952130486324,F_300-600,550,F_H04,2024,A_Winter,NM03_24
w729,0.1631518520756541,0.03457745013126003,55.66230923654333,14.486608791400624,20.375853525892804,G_below_600,800,F_H04,2024,A_Winter,NM03_24
w730,0.0981759124354415,0.030810525711122604,48.98821366838474,18.974583927349826,23.311034868115286,H_near_bottom,1120,F_H04,2024,A_Winter,NM03_24
w731,0.8663566797956772,4.1279347684382275,35.48467382243837,0.4357462005538678,0.1038995926977944,A_surface,1,G_H05,2024,A_Winter,NM03_24
w732,1.276276953904198,3.013782707981695,47.56343024252873,3.1193869538139385,0.3475011508154995,B_nearsurface,60,G_H05,2024,A_Winter,NM03_24
w733,1.7295719008974197,1.4848211602043884,49.5929408733737,7.382455236377689,0.6689853578942848,C_DCM,100,G_H05,2024,A_Winter,NM03_24
w734,0.6318697875378403,0.06304790249827313,43.63471157902545,38.81571932557287,4.6613724972068855,D_below_DCM,180,G_H05,2024,A_Winter,NM03_24
w735,0.07093340528214523,0.026980804463147268,56.06785237148216,23.72657130547928,9.139529924758369,F_300-600,375,G_H05,2024,A_Winter,NM03_24
w736,0.06947491589878602,0.05941933596606698,39.80912681000439,35.67308395495101,12.089549510019015,F_300-600,550,G_H05,2024,A_Winter,NM03_24
w737,0.09383366093584623,0.07737941707505802,44.99613102914624,17.85240987966166,25.23636298951375,F_300-600,800,G_H05,2024,A_Winter,NM03_24
w738,0.13852978390353923,0.06301354791280124,48.99453382477233,15.542841710967856,24.57828433113119,G_below_600,1000,G_H05,2024,A_Winter,NM03_24
w739,0.08418995358277111,0.07629714543438633,50.0945257737771,15.107586492022625,23.196963148102906,G_below_600,1200,G_H05,2024,A_Winter,NM03_24
w740,0.05382956214884622,0.060932073821263436,51.72983540863741,16.55259036077021,21.724340307501375,G_below_600,1350,G_H05,2024,A_Winter,NM03_24
w741,0.06901822417792562,0.058581321985166135,36.85539503674799,28.7415452675382,21.87103355632392,H_near_bottom,1450,G_H05,2024,A_Winter,NM03_24
w742,1.6517829898899494,5.11859476392929,44.04076567871601,1.47887467198275,0.1418865314591428,A_surface,1,H_H06,2024,A_Winter,NM03_24
w743,0.35867524805577905,2.3020581925449184,24.820662375972113,41.08088629659425,0.13827433628318586,B_nearsurface,50,H_H06,2024,A_Winter,NM03_24
w744,1.2721115091804749,1.293103448275862,51.09018137035378,12.61755485893417,0.3736565158978952,C_DCM,110,H_H06,2024,A_Winter,NM03_24
w745,4.812047380664676,2.1277732567219876,43.57516871758198,13.543028120967014,0.9675059390232875,D_below_DCM,150,H_H06,2024,A_Winter,NM03_24
w746,2.4158946035871525,1.110202435499591,38.43529793979589,25.776077434099236,2.193518030987083,D_below_DCM,180,H_H06,2024,A_Winter,NM03_24
w747,0.0473514847358154,0.03568034413191724,49.107824666122006,33.50117545058939,6.5345048935425245,F_300-600,375,H_H06,2024,A_Winter,NM03_24
w748,0.03220257112107319,0.056778217502944844,50.36905841376914,31.65851715634348,9.864155996033997,F_300-600,520,H_H06,2024,A_Winter,NM03_24
w749,0.08706709177122025,0.05073693837027943,43.85769854742024,24.51940844488152,18.0501356116933,G_below_600,800,H_H06,2024,A_Winter,NM03_24
w750,0.05357962953513293,0.07909373883757718,52.67770577129153,18.078659998979436,16.021584936469868,G_below_600,1000,H_H06,2024,A_Winter,NM03_24
w751,0.05429630268034129,0.04998707230888563,60.10945445143498,17.023183659398434,13.124192019305353,G_below_600,1250,H_H06,2024,A_Winter,NM03_24
w752,0.055959076392617914,0.05482859000084786,29.741401237882602,45.08831924935704,11.49026368595088,G_below_600,1500,H_H06,2024,A_Winter,NM03_24
w753,1.8169679539852093,0.04416598192276089,20.209018077239115,11.724527526705012,12.637119967132293,H_near_bottom,1752,H_H06,2024,A_Winter,NM03_24
w766,4.95726728484997,2.136862697040254,26.853301743349537,0.028140502807242094,0.0,B_nearsurface,15,A_H15,2024,Summer,NM08_24
w767,4.704754184255535,2.2332506203473947,25.214279358990836,0.03460104989471395,0.0,A_surface,1,A_H15,2024,Summer,NM08_24
w768,36.012553474363955,2.7833802129025838,12.286215597782338,0.120741269999186,0.0,B_nearsurface,25,B_H25,2024,Summer,NM08_24
w769,37.23847957435296,3.2829079868939193,13.5592328734181,0.06650734962575526,0.0,A_surface,1,B_H25,2024,Summer,NM08_24
w770,1.2125167450966925,5.0376120633394015,33.70418713289596,0.16350084154844913,0.0,A_surface,1,C_H01,2024,Summer,NM08_24
w771,1.1290048337341203,7.112147489615973,26.874104301780466,0.10153270664820618,0.0,B_nearsurface,15,C_H01,2024,Summer,NM08_24
w772,6.499889493459064,2.49744782512603,43.55799488512582,0.7167138512055737,0.10682298957028741,B_nearsurface,32,C_H01,2024,Summer,NM08_24
w773,3.6711408828330505,3.3484729305692995,30.878434954708077,0.3992117259986636,0.017761538656720206,B_nearsurface,48,C_H01,2024,Summer,NM08_24
w774,1.3222690084280053,6.812150860642709,17.6923226647808,0.10218712896340079,0.0,A_surface,1,D_H02,2024,Summer,NM08_24
w775,9.747618251713186,3.7673407989303027,32.667975931806794,1.8527494567942502,0.1930469664048136,B_nearsurface,60,D_H02,2024,Summer,NM08_24
w776,12.585859812044147,2.820349407706392,37.496585839579986,4.724692219760654,0.238738328629379,B_nearsurface,80,D_H02,2024,Summer,NM08_24
w777,3.135164975158181,1.4204424816340397,42.555947173977664,7.2147437258482325,0.2458703129644571,C_DCM,100,D_H02,2024,Summer,NM08_24
w778,1.8361440574500534,0.5776228199041699,26.971343023092903,47.986325990625126,1.0371592005347914,D_below_DCM,180,D_H02,2024,Summer,NM08_24
w779,0.3157143132827728,0.05094656400162102,46.8739265520369,34.632470715374666,5.8241185665489486,D_below_DCM,265,D_H02,2024,Summer,NM08_24
w780,1.3034710408616201,8.209126174945268,11.221642651405054,0.09726274836737529,0.0,A_surface,0,E_H03,2024,Summer,NM08_24
w781,0.7959922443498615,3.3611165993014556,32.441790764882576,1.4155066120601028,0.16911067875333616,B_nearsurface,62,E_H03,2024,Summer,NM08_24
w782,0.7449412808778348,1.5372639859811152,49.776066364077366,5.52482448190669,0.3873243408905452,C_DCM,120,E_H03,2024,Summer,NM08_24
w783,5.449177355531869,1.2524450651540953,42.25480947888974,17.913190488441327,1.7412539151669584,D_below_DCM,180,E_H03,2024,Summer,NM08_24
w784,3.9365459589601945,0.7766764846070174,32.84284369920438,28.713809075687767,4.075260012465932,D_below_DCM,220,E_H03,2024,Summer,NM08_24
w785,0.1331364113101736,0.05522378475566686,50.83370791326869,24.707292536227232,11.84914060660545,F_300-600,375,E_H03,2024,Summer,NM08_24
w786,0.234063586211295,0.03316432284192736,59.298447016805376,18.554800854619085,10.114480691348577,G_below_600,680,F_H04,2024,Summer,NM08_24
w787,1.1855440364305783,6.329231663598489,16.436004263152796,0.11394244743726384,0.0,A_surface,1,F_H04,2024,Summer,NM08_24
w788,0.9211216696787735,3.3568471987407453,39.43527857128977,0.6412872383839562,0.17800579101809208,B_nearsurface,60,F_H04,2024,Summer,NM08_24
w789,1.5836116752547038,2.3141543161180955,43.25475419191325,5.121351482905051,0.4854898538075496,C_DCM,130,F_H04,2024,Summer,NM08_24
w790,4.381255941396857,2.7243751048481797,39.691326958564,8.475647262763518,0.9103617961192193,C_DCM,150,F_H04,2024,Summer,NM08_24
w791,4.489488102933481,1.164055365736038,44.65324591375011,18.610008105806426,2.1875416833400028,D_below_DCM,212,F_H04,2024,Summer,NM08_24
w792,0.09098309629842455,0.06491191665735553,42.40503971864408,30.758671327555106,12.493415696978403,F_300-600,375,F_H04,2024,Summer,NM08_24
w793,0.06471004740714344,0.08159092933944172,42.487304170046755,27.205416887446724,16.55686278187556,F_300-600,650,F_H04,2024,Summer,NM08_24
w794,0.1343393013410279,0.036422979588940654,51.33842624346632,16.213429199877012,15.915423003240225,G_below_600,800,G_H05,2024,Summer,NM08_24
w795,0.024925750835435127,0.04351444637372573,54.38629844150686,22.063936663244654,14.87940583769534,H_near_bottom,1104,G_H05,2024,Summer,NM08_24
w796,1.1549690934236159,9.048414519894715,15.662967130471852,0.1402816538364306,0.0,A_surface,1,G_H05,2024,Summer,NM08_24
w797,1.1503173767220112,2.543633524590921,33.28205412497344,16.233796232133123,0.21250843104101413,B_nearsurface,50,G_H05,2024,Summer,NM08_24
w798,5.934541362010311,3.0759786457362726,32.50642199152991,7.997252154975537,0.746522258640913,C_DCM,140,G_H05,2024,Summer,NM08_24
w799,2.300084653025829,0.6953936365701071,39.60811843164784,31.0205851382322,2.3004975946152415,D_below_DCM,180,G_H05,2024,Summer,NM08_24
w800,0.29754183155716846,0.05320284405326853,52.39527742655873,24.662473932248474,10.886878273863282,F_300-600,375,G_H05,2024,Summer,NM08_24
w801,0.06458338452034552,0.10670298312057087,54.864638139998526,19.552268666879602,15.292573261776814,F_300-600,550,G_H05,2024,Summer,NM08_24
w802,0.09557065348758512,0.04648378087917564,45.30978650929118,19.263250666577417,26.172971726705114,G_below_600,800,G_H05,2024,Summer,NM08_24
w803,0.04940908909258029,0.07447693576455115,51.728409862926114,15.433437601043401,22.359066022895302,G_below_600,1000,G_H05,2024,Summer,NM08_24
w804,0.06187917277316397,0.06546165119687347,56.80638332519133,14.761113825109918,20.74645823155838,G_below_600,1200,G_H05,2024,Summer,NM08_24
w805,0.04916786621164825,0.08183861941807244,39.849908618932865,35.43935693606561,14.485759109802844,G_below_600,1350,H_H06,2024,Summer,NM08_24
w806,0.15130827620245046,0.0792567161060455,43.457177956545706,24.885167826096353,18.707827321231072,H_near_bottom,1468,H_H06,2024,Summer,NM08_24
w807,3.0668426081812803,0.8645402011193521,31.74546116394412,32.14724484688538,2.428902943986895,D_below_DCM,180,H_H06,2024,Summer,NM08_24
w808,0.10906040268456375,0.05098089829633453,55.30975735673723,26.740126484254006,7.847509034589571,F_300-600,375,H_H06,2024,Summer,NM08_24
w809,0.05461727883533361,0.04708386106494277,54.48826905601566,22.479247788235625,11.124974692424676,F_300-600,550,H_H06,2024,Summer,NM08_24
w810,0.05505358424872316,0.07514070282595998,47.584523991087266,21.78968786849633,20.14328811251762,G_below_600,800,H_H06,2024,Summer,NM08_24
w811,1.202929397879616,5.725136937245922,15.384382597117003,0.17148679047340443,0.0,A_surface,1,H_H06,2024,Summer,NM08_24
w812,1.29007178114886,3.8209449075162274,28.589961487695952,0.9695879364275769,0.27663767696674924,B_nearsurface,55,H_H06,2024,Summer,NM08_24
w813,5.8351195800773015,2.634643622677176,39.1892690171986,8.945720602879373,1.1612010329288258,C_DCM,115,H_H06,2024,Summer,NM08_24
w814,4.445607170480913,0.8535420173802265,46.74598480367623,15.722735338277447,1.6402020110105098,D_below_DCM,160,H_H06,2024,Summer,NM08_24
w815,0.20070741136793616,0.17932055605823805,30.228263551863126,15.49559924323435,30.35740725507938,G_below_600,1000,H_H06,2024,Summer,NM08_24
w816,0.13998145544820986,0.15374031645380312,33.82944994466545,25.986899171477287,20.984057667573953,G_below_600,1550,H_H06,2024,Summer,NM08_24
w817,0.13749878256286271,0.20109196949818675,26.847783118586964,26.98184443158576,22.866620451798084,H_near_bottom,1737,H_H06,2024,Summer,NM08_24
w967,35.74227252938615,0.7279059643012625,13.441880713974749,0.2594688724423161,0.012189812799303439,B_nearsurface,1,A_H15,2026,A_Winter,
w968,13.836458169213802,3.648968016385694,22.070269418622967,0.21269891287222306,0.006302190011028832,A_surface,15,A_H15,2026,A_Winter,
w969,9.646639737921824,4.101332654813778,26.347762475748226,0.07156260933176425,0.0,B_nearsurface,1,B_H25,2026,A_Winter,
w970,14.503232563291776,4.322168737789773,30.994340496666734,0.487402066423637,0.07250609252583029,A_surface,25,B_H25,2026,A_Winter,
w971,7.776545605766564,4.575978806641407,22.257647167544587,0.36041031327973383,0.0,A_surface,1,C_H01,2026,A_Winter,
w972,9.125683060109289,4.308311763014093,24.84037963761864,0.9462180040264597,0.030198446937014668,B_nearsurface,20,C_H01,2026,A_Winter,
w973,2.1163911273573146,5.539170889756584,28.51001080003323,1.1796959375259615,0.03946165988203041,B_nearsurface,35,C_H01,2026,A_Winter,
w974,19.162116275868392,3.3466403585249087,28.63610639501981,3.976812126217898,0.2646109607060371,B_nearsurface,50,C_H01,2026,A_Winter,
w975,3.7272266451978413,3.7987893967856396,29.877448787905895,0.08498076751051077,0.00447267197423741,A_surface,1,D_H02,2026,A_Winter,
w976,0.7197231833910034,4.036332179930795,39.99480968858132,2.1816608996539792,0.3408304498269896,B_nearsurface,40,D_H02,2026,A_Winter,
w977,3.8651190375328306,2.726425485046175,50.43632974667458,7.169363721087859,0.6439040921799541,C_DCM,85,D_H02,2026,A_Winter,
w978,4.151341903062525,0.4297003022468228,36.53362951094279,26.703324715050435,2.5235788937037986,D_below_DCM,150,D_H02,2026,A_Winter,
w979,2.900029146021568,0.2331681725444477,27.070824832410377,45.50568347420577,2.792188866219761,D_below_DCM,220,D_H02,2026,A_Winter,
w980,4.509966539880459,0.0743558212028484,41.32467755312151,37.38381902937055,6.1729630794749335,F_300-600,300,D_H02,2026,A_Winter,
w981,3.1076325455279705,6.246033730120574,27.853310513259363,0.2019191938616565,0.0,A_surface,1,E_H03,2026,A_Winter,
w982,1.2785140661181456,5.222446666995122,34.88692910282308,1.074050352268808,0.22170764152337782,B_nearsurface,40,E_H03,2026,A_Winter,
w983,2.532287939915252,1.8725736469513588,48.13376975971174,15.16074192484332,0.43388901575702216,C_DCM,85,E_H03,2026,A_Winter,
w984,1.2551152809661643,0.7385966663339655,42.753767841101904,13.446950793492363,1.5445653258808263,D_below_DCM,200,E_H03,2026,A_Winter,
w985,3.9328900352587617,0.18930878629404388,30.38879291985139,40.254147045599765,4.754016895809176,D_below_DCM,240,E_H03,2026,A_Winter,
w986,1.764582763117644,0.04025051923169809,50.51762167731964,30.218479818389657,9.494292476372946,F_300-600,375,E_H03,2026,A_Winter,
w987,1.6665762883430038,0.06507239303725394,53.63049726153679,20.065795419626557,16.850134663702256,H_near_bottom,600,E_H03,2026,A_Winter,
w988,4.435569755058573,4.672523961661342,28.197550585729502,0.06389776357827477,0.0,A_surface,1,F_H04,2026,A_Winter,
w990,6.123488722983168,2.633590029980601,51.2256775027923,8.208414163384477,0.6623165402778595,C_DCM,85,F_H04,2026,A_Winter,
w991,0.6115604655750642,1.679677592086351,34.58557619141561,7.972832060423301,0.5270129357720599,D_below_DCM,180,F_H04,2026,A_Winter,
w992,1.1706255784124302,0.391290935363933,29.491321784026887,37.995811076293606,2.940364663668393,D_below_DCM,240,F_H04,2026,A_Winter,
w993,0.40547549073535655,0.03929026073017021,44.32412893491962,37.99839695736221,9.910575366578133,F_300-600,375,F_H04,2026,A_Winter,
w994,0.5896501958628274,0.043983231393031404,55.89993814858085,24.653975671775136,10.791010927084049,F_300-600,550,F_H04,2026,A_Winter,
w995,1.9192700278379216,0.04948963810702134,45.5675842870399,23.236931642437366,19.981441385709864,G_below_600,800,F_H04,2026,A_Winter,
w996,4.112363392469653,0.05786504293849209,37.08097160667552,15.647233656413157,33.5919725404069,H_near_bottom,1100,F_H04,2026,A_Winter,
w997,0.4462144748639463,4.699847786651097,31.184970495631685,0.21476677995788068,0.02919160115932359,A_surface,1,G_H05,2026,A_Winter,
w998,0.8017406986317481,4.741835574548164,42.64907672403654,1.6152428745050376,0.24895126827929587,B_nearsurface,40,G_H05,2026,A_Winter,
